id ,admissionno,codeno,studentidno,sadmissionidno,photo,imagesize,aadharno,studentname,gender,16-11-2022,bloodgroup,fathername,fatheroccupation,mothername,motheroccupation,address1,address2,city,pincode,district,state,phone,moblie,religion,cast,nation,currentclass,section,broadof,currentyear,schoolname,schoolbranch,schoolidno,teacheridno,email,passwords,token,sastatus,sssstatusprocess,emailverfied,phoneverified,moblieverified,officename,officebranch,officeidno,datetime,verifiedondate
,11300571,786003,61234080,11300571,,,0,Alice Wong,Male,24-03-2022,B+ve,Adam Jackson,BUSINESS,Brooke Alexander,TEACHING,"29686 Lawson Summit Apt. 405
Angelaland, NM 13747","29686 Lawson Summit Apt. 405
Angelaland, NM 13747",Balodabazar,493344,Balodabazar,Chhattisgarh,7224939834,7742557746,GEN,,INDIAN,1CLASS,A,board of secondary education,2022,SAVELFLDB8AH,SATANSB1QB24LT,1438706295,3257069841,franksexton@example.org,,,ACTIVATION-PENDING	,STUDYING,0,0,0,aeFhifDLAGlE,pxrzwnyovsuq,85241039,25-08-2022 17:21,
,20402821,324010,60284870,20402821,,,0,Linda Jones,Female,18-10-2010,B+ve,Brandi Jones,ENGINEERING,Madison Duran DVM,OTHER,"6088 Burns Circle
South Melissa, SD 83799","6088 Burns Circle
South Melissa, SD 83799",Metpally,505325,Karimnagar,Telangana,9849873583,9919360684,GEN,,INDIAN,1CLASS,A,board of secondary education,2022,SAVELFLDB8AH,SATANSB1QB24LT,1438706295,3257069841,boydcaitlin@example.org,,,ACTIVATION-PENDING	,STUDYING,0,0,0,aeFhifDLAGlE,pxrzwnyovsuq,85241039,26-08-2022 17:21,
,15601559,262901,60568863,15601559,,,0,Eric Davis,Male,03-02-2013,B+ve,Vanessa Anderson,BUSINESS,Patricia Fuller,OTHER,"318 Suzanne Valley Apt. 821
Port Brookeland, VA 59187","318 Suzanne Valley Apt. 821
Port Brookeland, VA 59187",Dabra,475110,Gwalior,Madhya Pradesh,8718006345,9725856480,GEN,,INDIAN,1CLASS,A,board of secondary education,2022,SAVELFLDB8AH,SATANSB1QB24LT,1438706295,3257069841,richardbautista@example.org,,,ACTIVATION-PENDING	,STUDYING,0,0,0,aeFhifDLAGlE,pxrzwnyovsuq,85241039,27-08-2022 17:21,
,14401039,396410,60400671,14401039,,,0,Mackenzie Garcia,Male,31-08-2019,B+ve,Paul Kirk,BUSINESS,Ryan Myers,GOVERNMENT,"722 Edwards Loop
North Angela, AZ 36798","722 Edwards Loop
North Angela, AZ 36798",Bengaluru,560092,Bengaluru,Karnataka,9164164764,9426381258,OBC,,INDIAN,1CLASS,A,board of secondary education,2022,SAVELFLDB8AH,SATANSB1QB24LT,1438706295,3257069841,emily25@example.org,,,ACTIVATION-PENDING	,STUDYING,0,0,0,aeFhifDLAGlE,pxrzwnyovsuq,85241039,28-08-2022 17:21,
,12604416,382424,60284541,12604416,,,0,David Gilmore,Male,22-10-2011,O+ve,Lisa Swanson,BUSINESS,Dale Smith,OTHER,"9990 Gonzalez Rapid
Villegasport, NE 93019","9990 Gonzalez Rapid
Villegasport, NE 93019",Surat,395006,Surat,Gujarat,9913072660,9960146626,GEN,,INDIAN,1CLASS,A,board of secondary education,2022,SAVELFLDB8AH,SATANSB1QB24LT,1438706295,3257069841,morrismatthew@example.net,,,ACTIVATION-PENDING	,STUDYING,0,0,0,aeFhifDLAGlE,pxrzwnyovsuq,85241039,29-08-2022 17:21,
,13003115,413107,60814065,13003115,,,0,Alexandra Benton,Male,14-11-2021,AB+ve,Breanna Pitts,PRIVATE SERVICE,Alyssa Winters,GOVERNMENT,"163 Sue Glens Apt. 440
West Virginia, MI 85757","163 Sue Glens Apt. 440
West Virginia, MI 85757",Rohtak,124001,Rohtak,Haryana,9416812503,9018340916,GEN,,INDIAN,1CLASS,A,board of secondary education,2022,SAVELFLDB8AH,SATANSB1QB24LT,1438706295,3257069841,jennifer45@example.net,,,ACTIVATION-PENDING	,STUDYING,0,0,0,aeFhifDLAGlE,pxrzwnyovsuq,85241039,30-08-2022 17:21,
,12402603,180007,60104086,12402603,,,0,Jessica Miller,Female,25-06-2018,B+ve,Mary Higgins,BUSINESS,Tim Bradley,OTHER,"59581 Flowers Extensions Suite 250
South Sarah, AR 40485","59581 Flowers Extensions Suite 250
South Sarah, AR 40485",Patan,384265,Patan,Gujarat,9898448677,9922092091,GEN,,INDIAN,1CLASS,A,board of secondary education,2022,SAVELFLDB8AH,SATANSB1QB24LT,1438706295,3257069841,bmyers@example.org,,,ACTIVATION-PENDING	,STUDYING,0,0,0,aeFhifDLAGlE,pxrzwnyovsuq,85241039,31-08-2022 17:21,
,11009113,445204,60414558,11009113,,,0,Kathryn Mason,Female,20-12-2014,B+ve,Vanessa Gates,GOVERNMENT,Jason Stevenson,GOVERNMENT,"70777 Lawrence Street Apt. 109
Leehaven, VT 32634","70777 Lawrence Street Apt. 109
Leehaven, VT 32634",Muzaffarpur,842001,Muzaffarpur,Bihar,9801194839,9527888220,GEN,,INDIAN,1CLASS,A,board of secondary education,2022,SAVELFLDB8AH,SATANSB1QB24LT,1438706295,3257069841,angelasnyder@example.net,,,ACTIVATION-PENDING	,STUDYING,0,0,0,aeFhifDLAGlE,pxrzwnyovsuq,85241039,01-09-2022 17:21,
,17016296,431715,60787807,17016296,,,0,Jeffrey Butler,Female,19-03-2012,A+ve,Scott Sanchez,BUSINESS,Michelle Cochran,OTHER,"04559 Olivia Roads Suite 759
East Jennifermouth, WV 37218","04559 Olivia Roads Suite 759
East Jennifermouth, WV 37218",Shrirampur,413709,Ahmednagar,Maharashtra,9860980245,9504303320,GEN,,INDIAN,1CLASS,A,board of secondary education,2022,SAVELFLDB8AH,SATANSB1QB24LT,1438706295,3257069841,moorelori@example.org,,,ACTIVATION-PENDING	,STUDYING,0,0,0,aeFhifDLAGlE,pxrzwnyovsuq,85241039,02-09-2022 17:21,
,17117567,834001,60367798,17117567,,,0,Robert Walker,Female,25-05-2015,B+ve,Sydney Hartman,BUSINESS,Shelley Perez,OTHER,"31568 Ashley Key Apt. 349
New Rebeccatown, TX 29608","31568 Ashley Key Apt. 349
New Rebeccatown, TX 29608",Nerul,400706,Thane,Maharashtra,9892509337,9666647965,GEN,,INDIAN,1CLASS,A,board of secondary education,2022,SAVELFLDB8AH,SATANSB1QB24LT,1438706295,3257069841,shelbyshepard@example.com,,,ACTIVATION-PENDING	,STUDYING,0,0,0,aeFhifDLAGlE,pxrzwnyovsuq,85241039,03-09-2022 17:21,
,78600594,502032,60509071,78600594,,,0,Franklin Nichols,Male,04-04-2011,A+ve,Robert Humphrey,GOVERNMENT,Michael Grant,OTHER,"612 Amy Spurs Suite 223
North Karen, WA 20487","612 Amy Spurs Suite 223
North Karen, WA 20487",Narsinghpur,754213,Kendrapara,Odisha,9658190991,9792314816,GEN,,INDIAN,1CLASS,A,board of secondary education,2022,SAVELFLDB8AH,SATANSB1QB24LT,1438706295,3257069841,cameronamanda@example.org,,,ACTIVATION-PENDING	,STUDYING,0,0,0,aeFhifDLAGlE,pxrzwnyovsuq,85241039,04-09-2022 17:21,
,19904768,212404,60828879,19904768,,,0,Jennifer Shaffer,Male,01-10-2012,B+ve,William Clark,BUSINESS,Karen Coleman,OTHER,"34810 Jay Route Apt. 547
New Scott, LA 31583","34810 Jay Route Apt. 547
New Scott, LA 31583",Bhilwara,311001,Bhilwara,Rajasthan,9460988206,9909459696,GEN,,INDIAN,1CLASS,A,board of secondary education,2022,SAVELFLDB8AH,SATANSB1QB24LT,1438706295,3257069841,leejane@example.com,,,ACTIVATION-PENDING	,STUDYING,0,0,0,aeFhifDLAGlE,pxrzwnyovsuq,85241039,05-09-2022 17:21,
,22020178,382850,60912228,22020178,,,0,Beth Campbell,Male,06-02-2012,B+ve,Amber Lee,ENGINEERING,Anna Yates,OTHER,"61959 Patterson Ways Apt. 749
Kendraville, NJ 03997","61959 Patterson Ways Apt. 749
Kendraville, NJ 03997",Tekari,222135,Jaunpur,Uttar Pradesh,9838764945,9418214940,GEN,,INDIAN,1CLASS,A,board of secondary education,2022,SAVELFLDB8AH,SATANSB1QB24LT,1438706295,3257069841,kylemiller@example.com,,,ACTIVATION-PENDING	,STUDYING,0,0,0,aeFhifDLAGlE,pxrzwnyovsuq,85241039,06-09-2022 17:21,
,16909940,177038,60664198,16909940,,,0,Gina Alvarado,Female,26-09-2017,B+ve,Noah Foster MD,DOCTOR,Jesse Perkins,TEACHING,"827 Johnston Springs
Aguilarfort, OR 93285","827 Johnston Springs
Aguilarfort, OR 93285",Murtizapur,444107,Akola,Maharashtra,9011293904,9829667779,GEN,,INDIAN,1CLASS,A,board of secondary education,2022,SAVELFLDB8AH,SATANSB1QB24LT,1438706295,3257069841,gonzalezluis@example.net,,,ACTIVATION-PENDING	,STUDYING,0,0,0,aeFhifDLAGlE,pxrzwnyovsuq,85241039,07-09-2022 17:21,
,80109246,302025,60597555,80109246,,,0,Sandra Chambers,Male,12-08-2013,B+ve,Heather Williams,PUBLIC SECTOR,Patricia Garcia,TEACHING,"003 Garcia Court
Ginaville, MI 40286","003 Garcia Court
Ginaville, MI 40286",Thirumullai Voil,600062,Chennai,Tamil Nadu,9444162477,9270265297,GEN,,INDIAN,1CLASS,A,board of secondary education,2022,SAVELFLDB8AH,SATANSB1QB24LT,1438706295,3257069841,kjohnson@example.net,,,ACTIVATION-PENDING	,STUDYING,0,0,0,aeFhifDLAGlE,pxrzwnyovsuq,85241039,08-09-2022 17:21,
,10906398,415604,60926029,10906398,,,0,Brandon Manning,Male,23-02-2019,B+ve,Michelle Hicks,DOCTOR,Henry Martinez,DOCTOR,"3971 Young Squares Suite 860
Grayside, OR 22294","3971 Young Squares Suite 860
Grayside, OR 22294",Patna,800001,Patna,Bihar,8102680003,8948700309,GEN,,INDIAN,1CLASS,A,board of secondary education,2022,SAVELFLDB8AH,SATANSB1QB24LT,1438706295,3257069841,jyang@example.net,,,ACTIVATION-PENDING	,STUDYING,0,0,0,aeFhifDLAGlE,pxrzwnyovsuq,85241039,09-09-2022 17:21,
,12501556,274506,60624489,12501556,,,0,Janice Campbell,Male,22-06-2022,B+ve,Virginia Rivera,BUSINESS,Jessica Sanders,OTHER,"55033 Ortiz Branch
East Jamiefurt, CT 66682","55033 Ortiz Branch
East Jamiefurt, CT 66682",Rajkot,360005,Rajkot,Gujarat,9426414263,8084540321,GEN,,INDIAN,1CLASS,A,board of secondary education,2022,SAVELFLDB8AH,SATANSB1QB24LT,1438706295,3257069841,theresa42@example.com,,,ACTIVATION-PENDING	,STUDYING,0,0,0,aeFhifDLAGlE,pxrzwnyovsuq,85241039,10-09-2022 17:21,
,71800556,803119,60966941,71800556,,,0,Jacqueline Beard,Male,14-08-2017,O+ve,Mark Wright,BUSINESS,Jade Duncan,OTHER,"1378 Roberts Club
Deborahfort, GA 23485","1378 Roberts Club
Deborahfort, GA 23485",Nava Naroda,382330,Ahmedabad,Gujarat,9825924078,8975408040,GEN,,INDIAN,1CLASS,A,board of secondary education,2022,SAVELFLDB8AH,SATANSB1QB24LT,1438706295,3257069841,wbrock@example.org,,,ACTIVATION-PENDING	,STUDYING,0,0,0,aeFhifDLAGlE,pxrzwnyovsuq,85241039,11-09-2022 17:21,
,12611605,412207,60750954,12611605,,,0,Jennifer Hart,Male,31-05-2020,B+ve,Tara Jones,PRIVATE SERVICE,Maria Arroyo,OTHER,"88776 Valdez Orchard
South Cynthia, WA 96594","88776 Valdez Orchard
South Cynthia, WA 96594",Althan Main Road,395017,Surat,Gujarat,8000034522,8601154005,GEN,,INDIAN,1CLASS,A,board of secondary education,2022,SAVELFLDB8AH,SATANSB1QB24LT,1438706295,3257069841,iguerra@example.net,,,ACTIVATION-PENDING	,STUDYING,0,0,0,aeFhifDLAGlE,pxrzwnyovsuq,85241039,12-09-2022 17:21,
,11617148,273152,60124173,11617148,,,0,Traci Johnson,Male,23-04-2015,AB+ve,Stephen Montoya,GOVERNMENT,Melissa Jordan,TEACHING,"427 Emily Estate Suite 191
Clarkeland, UT 07439","427 Emily Estate Suite 191
Clarkeland, UT 07439",Dwarka,110077,Dwarka,Delhi,9811212618,9849513282,OBC,,INDIAN,1CLASS,A,board of secondary education,2022,SAVELFLDB8AH,SATANSB1QB24LT,1438706295,3257069841,juan11@example.com,,,ACTIVATION-PENDING	,STUDYING,0,0,0,aeFhifDLAGlE,pxrzwnyovsuq,85241039,13-09-2022 17:21,
,12610929,534102,60489449,12610929,,,0,Jessica Smith,Male,11-10-2015,O+ve,Brandy Barnes,GOVERNMENT,Nancy Watson,OTHER,"0504 Rachel Plains Apt. 802
South Linda, NJ 41685","0504 Rachel Plains Apt. 802
South Linda, NJ 41685",Surat,395002,Surat,Gujarat,9586065924,9766288373,GEN,,INDIAN,2CLASS,A,board of secondary education,2022,SAVELFLDB8AH,SATANSB1QB24LT,1438706295,3257069841,hardyrobin@example.org,,,ACTIVATION-PENDING	,STUDYING,0,0,0,aeFhifDLAGlE,pxrzwnyovsuq,85241039,14-09-2022 17:21,
,16907876,445001,60732948,16907876,,,0,Katie Keller,Female,14-10-2016,AB-ve,Jennifer Fox,GOVERNMENT,Dr. Sydney Gardner,GOVERNMENT,"56690 Horn Inlet
Lisabury, GA 58860","56690 Horn Inlet
Lisabury, GA 58860",Kalamjapur,444904,Amravati,Maharashtra,8975682204,9570905761,GEN,,INDIAN,2CLASS,A,board of secondary education,2022,SAVELFLDB8AH,SATANSB1QB24LT,1438706295,3257069841,kweber@example.org,,,ACTIVATION-PENDING	,STUDYING,0,0,0,aeFhifDLAGlE,pxrzwnyovsuq,85241039,15-09-2022 17:21,
,18614433,805130,60596866,18614433,,,0,Molly Brock,Female,24-06-2010,B-ve,Ryan King,BUSINESS,Thomas Murphy,GOVERNMENT,"56555 Brittany Manor Apt. 104
East Bonnie, WI 94830","56555 Brittany Manor Apt. 104
East Bonnie, WI 94830",Bhubaneswar,751016,Khurda,Odisha,9861274858,8795125848,GEN,,INDIAN,2CLASS,A,board of secondary education,2022,SAVELFLDB8AH,SATANSB1QB24LT,1438706295,3257069841,woodsheather@example.net,,,ACTIVATION-PENDING	,STUDYING,0,0,0,aeFhifDLAGlE,pxrzwnyovsuq,85241039,16-09-2022 17:21,
,14305812,274204,60672948,14305812,,,0,David Pena,Female,30-10-2016,AB-ve,Tara Contreras,AGRICULTURE,Laura Curtis,OTHER,"4736 Jason Point Apt. 247
Tonyastad, ME 29262","4736 Jason Point Apt. 247
Tonyastad, ME 29262",City,583231,Koppal,Karnataka,9448528320,9431558591,GEN,,INDIAN,2CLASS,A,board of secondary education,2022,SAVELFLDB8AH,SATANSB1QB24LT,1438706295,3257069841,christopherhart@example.net,,,ACTIVATION-PENDING	,STUDYING,0,0,0,aeFhifDLAGlE,pxrzwnyovsuq,85241039,17-09-2022 17:21,
,80800881,834002,60520762,80800881,,,0,Alexander Cohen,Female,20-09-2011,B+ve,Clayton Lopez,BUSINESS,Natasha Mayo,OTHER,"71554 Justin Shoal
Barbaraport, MT 23688","71554 Justin Shoal
Barbaraport, MT 23688",Baman Gaon ,249137,Tehri Garhwal,Uttarakhand,8445951977,8302320093,OBC,,INDIAN,2CLASS,A,board of secondary education,2022,SAVELFLDB8AH,SATANSB1QB24LT,1438706295,3257069841,manuelrobbins@example.org,,,ACTIVATION-PENDING	,STUDYING,0,0,0,aeFhifDLAGlE,pxrzwnyovsuq,85241039,18-09-2022 17:21,
,15801577,110009,60524854,15801577,,,0,Kendra Pierce,Male,31-10-2020,A+ve,Penny Baker,PUBLIC SECTOR,Karen Moore,GOVERNMENT,"26160 Adams Centers Suite 965
Brianfort, RI 27528","26160 Adams Centers Suite 965
Brianfort, RI 27528",Madan Mahal,482001,Jabalpur,Madhya Pradesh,8461896710,9452868790,GEN,,INDIAN,2CLASS,A,board of secondary education,2022,SAVELFLDB8AH,SATANSB1QB24LT,1438706295,3257069841,smallcole@example.org,,,ACTIVATION-PENDING	,STUDYING,0,0,0,aeFhifDLAGlE,pxrzwnyovsuq,85241039,19-09-2022 17:21,
,18000603,231001,60856779,18000603,,,0,Jessica Bauer,Male,03-05-2022,O+ve,Matthew Martin,BUSINESS,Jane Stewart,OTHER,"539 Jones Row Apt. 984
Brownmouth, NE 99713","539 Jones Row Apt. 984
Brownmouth, NE 99713",Purana Bazar,797112,Dimapur,Nagaland,7308764392,8058823727,GEN,,INDIAN,2CLASS,A,board of secondary education,2022,SAVELFLDB8AH,SATANSB1QB24LT,1438706295,3257069841,gary76@example.net,,,ACTIVATION-PENDING	,STUDYING,0,0,0,aeFhifDLAGlE,pxrzwnyovsuq,85241039,20-09-2022 17:21,
,11203754,332709,60371733,11203754,,,0,Kimberly Robinson,Female,19-09-2018,O+ve,Jacob Shaw,PRIVATE SERVICE,Wesley Benjamin,OTHER,"3711 Natasha Circle
Davidport, CT 55258","3711 Natasha Circle
Davidport, CT 55258",Patiala,147001,Patiala,Punjab,7837446632,9812403305,GEN,,INDIAN,2CLASS,A,board of secondary education,2022,SAVELFLDB8AH,SATANSB1QB24LT,1438706295,3257069841,qcooper@example.org,,,ACTIVATION-PENDING	,STUDYING,0,0,0,aeFhifDLAGlE,pxrzwnyovsuq,85241039,21-09-2022 17:21,
,11653698,132103,60801144,11653698,,,0,Paula Weaver,Male,15-05-2019,O+ve,Mercedes Lopez,ENGINEERING,James Martin,OTHER,"7069 Bennett Parks Suite 557
North Meghanburgh, CT 95740","7069 Bennett Parks Suite 557
North Meghanburgh, CT 95740",Meerut,250002,Meerut,Uttar Pradesh,7599168019,9435787738,GEN,,INDIAN,2CLASS,A,board of secondary education,2022,SAVELFLDB8AH,SATANSB1QB24LT,1438706295,3257069841,aaron99@example.org,,,ACTIVATION-PENDING	,STUDYING,0,0,0,aeFhifDLAGlE,pxrzwnyovsuq,85241039,22-09-2022 17:21,
,10307292,782127,60291515,10307292,,,0,Drew Oliver,Male,06-02-2018,O+ve,Tiffany Holloway,GOVERNMENT,Ashley Smith,OTHER,"17945 Hoffman Brook
South Melaniefort, RI 08154","17945 Hoffman Brook
South Melaniefort, RI 08154",Dhone Mandal,518222,Kurnool,Andhra Pradesh,7386120134,8269786945,GEN,,INDIAN,2CLASS,A,board of secondary education,2022,SAVELFLDB8AH,SATANSB1QB24LT,1438706295,3257069841,kingkevin@example.org,,,ACTIVATION-PENDING	,STUDYING,0,0,0,aeFhifDLAGlE,pxrzwnyovsuq,85241039,23-09-2022 17:21,
,10207314,453001,60740629,10207314,,,0,Dominic Long,Male,17-01-2020,O+ve,Jeffrey Reed,OTHER,Megan Wallace,OTHER,"4860 Jennifer Dam Suite 529
Lake Jaime, RI 14962","4860 Jennifer Dam Suite 529
Lake Jaime, RI 14962",Guntur,522003,Guntur,Andhra Pradesh,9052724087,9913311500,GEN,,INDIAN,2CLASS,A,board of secondary education,2022,SAVELFLDB8AH,SATANSB1QB24LT,1438706295,3257069841,davischristian@example.com,,,ACTIVATION-PENDING	,STUDYING,0,0,0,aeFhifDLAGlE,pxrzwnyovsuq,85241039,24-09-2022 17:21,
,12900339,395006,60141570,12900339,,,0,Diane Thomas,Female,28-08-2019,B+ve,Xavier Johnston,BUSINESS,Michael Wu,OTHER,"964 Katherine Forges Apt. 317
Malonehaven, PA 76841","964 Katherine Forges Apt. 317
Malonehaven, PA 76841",Faridabad,121006,Faridabad,Haryana,9911319706,9784258727,GEN,,INDIAN,2CLASS,A,board of secondary education,2022,SAVELFLDB8AH,SATANSB1QB24LT,1438706295,3257069841,larry55@example.org,,,ACTIVATION-PENDING	,STUDYING,0,0,0,aeFhifDLAGlE,pxrzwnyovsuq,85241039,25-09-2022 17:21,
,21815190,332718,60430326,21815190,,,0,Christina Montgomery,Male,19-05-2015,A+ve,Kurt Hall,GOVERNMENT,Edwin Cooper,OTHER,"410 Tabitha Keys
Jacquelinefort, KS 29332","410 Tabitha Keys
Jacquelinefort, KS 29332",Hamirpur,210301,Hamirpur,Uttar Pradesh,7678826392,7549658037,GEN,,INDIAN,2CLASS,A,board of secondary education,2022,SAVELFLDB8AH,SATANSB1QB24LT,1438706295,3257069841,robertanthony@example.org,,,ACTIVATION-PENDING	,STUDYING,0,0,0,aeFhifDLAGlE,pxrzwnyovsuq,85241039,26-09-2022 17:21,
,74201170,851134,60910880,74201170,,,0,Phyllis Stone,Female,01-06-2021,B+ve,Michael Martinez,BUSINESS,Kenneth Watson,BUSINESS,"154 Julie Roads
East John, WV 08961","154 Julie Roads
East John, WV 08961",Devanahalli Town,562110,Bangalore Rural,Karnataka,9483097659,9937644109,GEN,,INDIAN,2CLASS,A,board of secondary education,2022,SAVELFLDB8AH,SATANSB1QB24LT,1438706295,3257069841,rosebrent@example.com,,,ACTIVATION-PENDING	,STUDYING,0,0,0,aeFhifDLAGlE,pxrzwnyovsuq,85241039,27-09-2022 17:21,
,77102528,754031,60372586,77102528,,,0,Scott Day,Female,04-11-2022,B+ve,Maria Morrow,DOCTOR,Christina Hartman,DOCTOR,"71744 Michelle Valley Suite 570
Robinborough, SC 04715","71744 Michelle Valley Suite 570
Robinborough, SC 04715",Mumbai,400067,Mumbai,Maharashtra,9869507654,9925501265,GEN,,INDIAN,2CLASS,A,board of secondary education,2022,SAVELFLDB8AH,SATANSB1QB24LT,1438706295,3257069841,kathleencooper@example.org,,,ACTIVATION-PENDING	,STUDYING,0,0,0,aeFhifDLAGlE,pxrzwnyovsuq,85241039,28-09-2022 17:21,
,20600559,388001,60813670,20600559,,,0,Jordan Jackson,Male,19-08-2012,B+ve,Ronald Cruz,ENGINEERING,Pamela Miles,OTHER,"345 Stephenson Valleys Apt. 981
Kimberlybury, NE 50360","345 Stephenson Valleys Apt. 981
Kimberlybury, NE 50360",Warangal,506001,Warangal,Telangana,9848073478,9760625035,GEN,,INDIAN,2CLASS,A,board of secondary education,2022,SAVELFLDB8AH,SATANSB1QB24LT,1438706295,3257069841,andrew96@example.net,,,ACTIVATION-PENDING	,STUDYING,0,0,0,aeFhifDLAGlE,pxrzwnyovsuq,85241039,29-09-2022 17:21,
,13708699,248001,60441887,13708699,,,0,Shirley Hobbs,Female,13-02-2019,A+ve,Andrew Kelly,ADVOCATE,Connie Lowe,TEACHING,"71602 Shelton Vista
Robertsonland, NY 78327","71602 Shelton Vista
Robertsonland, NY 78327",Srinagar,190005,Srinagar,Jammu & Kashmir,9697141223,7696152953,GEN,,INDIAN,2CLASS,A,board of secondary education,2022,SAVELFLDB8AH,SATANSB1QB24LT,1438706295,3257069841,jamesguerrero@example.net,,,ACTIVATION-PENDING	,STUDYING,0,0,0,aeFhifDLAGlE,pxrzwnyovsuq,85241039,30-09-2022 17:21,
,71201664,144207,60784816,71201664,,,0,Andrea Morse,Male,28-01-2021,O+ve,Lynn Briggs,GOVERNMENT,Randy Wood,GOVERNMENT,"5187 Woods Road Suite 054
Smithview, AL 62118","5187 Woods Road Suite 054
Smithview, AL 62118",Gpo Shimla,171001,Shimla,Himachal Pradesh,7307895125,7507212666,GEN,,INDIAN,2CLASS,A,board of secondary education,2022,SAVELFLDB8AH,SATANSB1QB24LT,1438706295,3257069841,ashleycarpenter@example.net,,,ACTIVATION-PENDING	,STUDYING,0,0,0,aeFhifDLAGlE,pxrzwnyovsuq,85241039,01-10-2022 17:21,
,12900967,444602,60707602,12900967,,,0,Cory Murphy,Female,31-12-2013,B+ve,Janet Smith,BUSINESS,Nicholas Jones,OTHER,"60343 Stuart Stravenue Apt. 107
Millershire, UT 90127","60343 Stuart Stravenue Apt. 107
Millershire, UT 90127",Hodal,121106,Palwal,Haryana,9812022056,8087351413,GEN,,INDIAN,2CLASS,A,board of secondary education,2022,SAVELFLDB8AH,SATANSB1QB24LT,1438706295,3257069841,nrogers@example.org,,,ACTIVATION-PENDING	,STUDYING,0,0,0,aeFhifDLAGlE,pxrzwnyovsuq,85241039,02-10-2022 17:21,
,22021163,441501,60653929,22021163,,,0,Robert Stone,Male,10-08-2018,B+ve,Heather Wilson,DOCTOR,Christian Greer,DOCTOR,"361 Martin Landing
Bryanburgh, DE 92262","361 Martin Landing
Bryanburgh, DE 92262",Jaunpur,222128,Jaunpur,Uttar Pradesh,9792049765,9888440694,GEN,,INDIAN,2CLASS,A,board of secondary education,2022,SAVELFLDB8AH,SATANSB1QB24LT,1438706295,3257069841,betty70@example.org,,,ACTIVATION-PENDING	,STUDYING,0,0,0,aeFhifDLAGlE,pxrzwnyovsuq,85241039,03-10-2022 17:21,
,12603519,110051,60564730,12603519,,,0,Mark Shepard,Male,06-06-2016,B+ve,Lisa White,GOVERNMENT,Bethany Kane,OTHER,"19056 Wells Passage Suite 033
New Sarah, KY 47925","19056 Wells Passage Suite 033
New Sarah, KY 47925",Surat,395004,Surat,Gujarat,9157594834,9391626929,GEN,,INDIAN,3CLASS,A,board of secondary education,2022,SAVELFLDB8AH,SATANSB1QB24LT,1438706295,3257069841,timothy85@example.com,,,ACTIVATION-PENDING	,STUDYING,0,0,0,aeFhifDLAGlE,pxrzwnyovsuq,85241039,04-10-2022 17:21,
,15206873,500032,60580406,15206873,,,0,Stacey Mcneil,Female,21-02-2015,A+ve,Barbara Holmes,GOVERNMENT,David Brown,OTHER,"5872 Corey Roads
Lorraineberg, GA 56728","5872 Corey Roads
Lorraineberg, GA 56728",Bhopal,462016,Bhopal,Madhya Pradesh,9425647871,8109775889,ST,,INDIAN,3CLASS,A,board of secondary education,2022,SAVELFLDB8AH,SATANSB1QB24LT,1438706295,3257069841,dustin86@example.net,,,ACTIVATION-PENDING	,STUDYING,0,0,0,aeFhifDLAGlE,pxrzwnyovsuq,85241039,05-10-2022 17:21,
,10509563,481331,60579278,10509563,,,0,Amy Harrison,Female,20-12-2010,A+ve,Lori Palmer,GOVERNMENT,Benjamin Stout,GOVERNMENT,"304 Jesus Green
South Carolineburgh, IA 64857","304 Jesus Green
South Carolineburgh, IA 64857",Visakhapatnam,530016,Visakhapatnam,Andhra Pradesh,9390604509,9922236131,GEN,,INDIAN,3CLASS,A,board of secondary education,2022,SAVELFLDB8AH,SATANSB1QB24LT,1438706295,3257069841,edward68@example.net,,,ACTIVATION-PENDING	,STUDYING,0,0,0,aeFhifDLAGlE,pxrzwnyovsuq,85241039,06-10-2022 17:21,
,22317554,443201,60492419,22317554,,,0,Lisa Perkins,Female,11-10-2014,A+ve,Nina Smith,GOVERNMENT,Justin Jordan,GOVERNMENT,"PSC 0329, Box 2308
APO AE 42280","PSC 0329, Box 2308
APO AE 42280",Kolkata,700061,Kolkata,West Bengal,8902195083,9827764955,GEN,,INDIAN,3CLASS,A,board of secondary education,2022,SAVELFLDB8AH,SATANSB1QB24LT,1438706295,3257069841,xchen@example.org,,,ACTIVATION-PENDING	,STUDYING,0,0,0,aeFhifDLAGlE,pxrzwnyovsuq,85241039,07-10-2022 17:21,
,14002726,464001,60607894,14002726,,,0,Dawn Oneill,Male,30-11-2017,O+ve,Amber Rodriguez,PUBLIC SECTOR,Kevin Terry,GOVERNMENT,"40983 Deborah Cape Suite 218
Lake Andreamouth, FL 23903","40983 Deborah Cape Suite 218
Lake Andreamouth, FL 23903",Chatra,825401,Chatra ,Jharkhand,7352864434,7275887996,GEN,,INDIAN,3CLASS,A,board of secondary education,2022,SAVELFLDB8AH,SATANSB1QB24LT,1438706295,3257069841,barbara93@example.com,,,ACTIVATION-PENDING	,STUDYING,0,0,0,aeFhifDLAGlE,pxrzwnyovsuq,85241039,08-10-2022 17:21,
,11801637,221001,60206703,11801637,,,0,Kerri Stanley,Male,24-07-2012,O+ve,Dorothy Cook,BUSINESS,Peggy Mcdowell,TEACHING,"19946 Jerry Brook
Port Bobby, CA 30933","19946 Jerry Brook
Port Bobby, CA 30933",Ahmedabad,380007,Ahmedabad,Gujarat,9427701868,8946884128,GEN,,INDIAN,3CLASS,A,board of secondary education,2022,SAVELFLDB8AH,SATANSB1QB24LT,1438706295,3257069841,christian44@example.org,,,ACTIVATION-PENDING	,STUDYING,0,0,0,aeFhifDLAGlE,pxrzwnyovsuq,85241039,09-10-2022 17:21,
,10702217,342006,60018851,10702217,,,0,Toni Mitchell,Male,09-05-2015,B+ve,John Ball,DOCTOR,Molly Ruiz,DOCTOR,"62677 Jason Bypass
West Heather, MO 20810","62677 Jason Bypass
West Heather, MO 20810",Hojai,782435,Nagaon,Assam,8403017226,8604106912,ST,,INDIAN,3CLASS,A,board of secondary education,2022,SAVELFLDB8AH,SATANSB1QB24LT,1438706295,3257069841,sanchezanthony@example.org,,,ACTIVATION-PENDING	,STUDYING,0,0,0,aeFhifDLAGlE,pxrzwnyovsuq,85241039,10-10-2022 17:21,
,70502842,208019,60603086,70502842,,,0,Randy Flores,Female,03-02-2013,O+ve,Cheryl Hoffman,GOVERNMENT,Cathy Davis,TEACHING,"98000 Jessica Isle
New Lindsey, DE 89935","98000 Jessica Isle
New Lindsey, DE 89935",Bc Road  Gajuwaka,530026,Visakhapatnam,Andhra Pradesh,9885275824,9693216721,GEN,,INDIAN,3CLASS,A,board of secondary education,2022,SAVELFLDB8AH,SATANSB1QB24LT,1438706295,3257069841,uhull@example.org,,,ACTIVATION-PENDING	,STUDYING,0,0,0,aeFhifDLAGlE,pxrzwnyovsuq,85241039,11-10-2022 17:21,
,17433116,800001,60127729,17433116,,,0,Kenneth Hill,Male,21-02-2020,O+ve,Erica Miller,GOVERNMENT,Stacy Leon,BUSINESS,"171 Norman Mission Apt. 074
East Scott, LA 15594","171 Norman Mission Apt. 074
East Scott, LA 15594",Chinchwad,411033,Pune,Maharashtra,8975826292,9825801262,GEN,,INDIAN,3CLASS,A,board of secondary education,2022,SAVELFLDB8AH,SATANSB1QB24LT,1438706295,3257069841,aspencer@example.com,,,ACTIVATION-PENDING	,STUDYING,0,0,0,aeFhifDLAGlE,pxrzwnyovsuq,85241039,12-10-2022 17:21,
,14103533,360370,60031662,14103533,,,0,Jeremy Harmon,Male,16-06-2019,O+ve,Jocelyn Howell MD,GOVERNMENT,Tina Boyer,OTHER,"518 Reyes Lakes
Harrellland, NH 73438","518 Reyes Lakes
Harrellland, NH 73438",Ramgarh,829122,Ramgarh,Jharkhand,8935882261,9570100247,GEN,,INDIAN,3CLASS,A,board of secondary education,2022,SAVELFLDB8AH,SATANSB1QB24LT,1438706295,3257069841,shanescott@example.net,,,ACTIVATION-PENDING	,STUDYING,0,0,0,aeFhifDLAGlE,pxrzwnyovsuq,85241039,13-10-2022 17:21,
,14102435,834004,60800091,14102435,,,0,Tanya Gibson,Male,22-01-2013,O+ve,Kathryn Gross,BUSINESS,Kirsten Ferguson,OTHER,"021 Barbara Mill Suite 654
West Joanna, KS 09928","021 Barbara Mill Suite 654
West Joanna, KS 09928",Ranchi,834001,Ranchi,Jharkhand,9973352013,9246622166,GEN,,INDIAN,3CLASS,A,board of secondary education,2022,SAVELFLDB8AH,SATANSB1QB24LT,1438706295,3257069841,kimberlyhamilton@example.org,,,ACTIVATION-PENDING	,STUDYING,0,0,0,aeFhifDLAGlE,pxrzwnyovsuq,85241039,14-10-2022 17:21,
,19704634,521104,60671925,19704634,,,0,Sean Rollins,Female,23-10-2017,A+ve,Dr. Steven Miller,ENGINEERING,William Maddox,OTHER,"0321 Raymond Mills
Vanessafurt, NM 74636","0321 Raymond Mills
Vanessafurt, NM 74636",Tehsil Pokaran,345023,Jaisalmer,Rajasthan,9799500383,9803820110,GEN,,INDIAN,3CLASS,A,board of secondary education,2022,SAVELFLDB8AH,SATANSB1QB24LT,1438706295,3257069841,jesusbrown@example.org,,,ACTIVATION-PENDING	,STUDYING,0,0,0,aeFhifDLAGlE,pxrzwnyovsuq,85241039,15-10-2022 17:21,
,20104186,151202,60345257,20104186,,,0,Robert Pruitt,Male,17-12-2010,B+ve,Ashley Cummings,PRIVATE SERVICE,Daniel Brooks,OTHER,"4836 Robertson Ford
Williambury, DC 46181","4836 Robertson Ford
Williambury, DC 46181",Hosur,635109,Krishnagiri,Tamil Nadu,9047012051,9446456522,GEN,,INDIAN,3CLASS,A,board of secondary education,2022,SAVELFLDB8AH,SATANSB1QB24LT,1438706295,3257069841,christopher26@example.com,,,ACTIVATION-PENDING	,STUDYING,0,0,0,aeFhifDLAGlE,pxrzwnyovsuq,85241039,16-10-2022 17:21,
,19802407,673104,60551031,19802407,,,0,Nicole Peters,Male,12-03-2019,B+ve,Mandy Anderson,PRIVATE SERVICE,Wanda Reilly,OTHER,"2586 Forbes Mills Apt. 751
Ramostown, KY 44327","2586 Forbes Mills Apt. 751
Ramostown, KY 44327",Dubey Chapra,277205,Ballia,Uttar Pradesh,7297917989,9690244334,GEN,,INDIAN,3CLASS,A,board of secondary education,2022,SAVELFLDB8AH,SATANSB1QB24LT,1438706295,3257069841,loneill@example.net,,,ACTIVATION-PENDING	,STUDYING,0,0,0,aeFhifDLAGlE,pxrzwnyovsuq,85241039,17-10-2022 17:21,
,80401468,202125,60200323,80401468,,,0,Edward Young,Male,04-11-2015,AB+ve,Heather Cooper,TEACHING,Tiffany Cabrera,TEACHING,"5953 Diaz Lights Apt. 413
Amandaside, MS 21696","5953 Diaz Lights Apt. 413
Amandaside, MS 21696",Hyderabad,500072,Rangareddy,Telangana,9948024816,9935682643,GEN,,INDIAN,3CLASS,A,board of secondary education,2022,SAVELFLDB8AH,SATANSB1QB24LT,1438706295,3257069841,marissamason@example.net,,,ACTIVATION-PENDING	,STUDYING,0,0,0,aeFhifDLAGlE,pxrzwnyovsuq,85241039,18-10-2022 17:21,
,12903454,210427,60956047,12903454,,,0,Chelsea Williams,Female,28-01-2011,O+ve,William Jackson,BUSINESS,Kelly Murphy,OTHER,"660 Holmes Parkways Suite 083
Martinport, ME 52996","660 Holmes Parkways Suite 083
Martinport, ME 52996",Punhana,122508,Mewat,Haryana,9728574101,9414823284,GEN,,INDIAN,3CLASS,A,board of secondary education,2022,SAVELFLDB8AH,SATANSB1QB24LT,1438706295,3257069841,ashleymcclure@example.net,,,ACTIVATION-PENDING	,STUDYING,0,0,0,aeFhifDLAGlE,pxrzwnyovsuq,85241039,19-10-2022 17:21,
,81500069,303503,60173520,81500069,,,0,Stephanie Martin,Male,24-09-2010,B+ve,Aaron Berry,BUSINESS,Jennifer King,BUSINESS,"4955 Amber Burgs Apt. 521
West Douglastown, VA 23104","4955 Amber Burgs Apt. 521
West Douglastown, VA 23104",Moradabad,244001,Moradabad,Uttar Pradesh,9917654173,8574349606,GEN,,INDIAN,3CLASS,A,board of secondary education,2022,SAVELFLDB8AH,SATANSB1QB24LT,1438706295,3257069841,santiagowesley@example.org,,,ACTIVATION-PENDING	,STUDYING,0,0,0,aeFhifDLAGlE,pxrzwnyovsuq,85241039,20-10-2022 17:21,
,10907943,274304,60546889,10907943,,,0,Dawn Wong,Male,20-03-2013,B+ve,Brian Lane,GOVERNMENT,Christine Martinez,GOVERNMENT,"USNS Villarreal
FPO AP 47441","USNS Villarreal
FPO AP 47441",Patna,800016,Patna,Bihar,8434475962,9989230440,GEN,,INDIAN,3CLASS,A,board of secondary education,2022,SAVELFLDB8AH,SATANSB1QB24LT,1438706295,3257069841,fnavarro@example.org,,,ACTIVATION-PENDING	,STUDYING,0,0,0,aeFhifDLAGlE,pxrzwnyovsuq,85241039,21-10-2022 17:21,
,14113703,500090,60286989,14113703,,,0,Charles Martinez,Male,02-09-2013,A+ve,Tammy Galvan,GOVERNMENT,Amber Anderson,GOVERNMENT,"551 Leonard Point
East Matthewburgh, KY 89129","551 Leonard Point
East Matthewburgh, KY 89129",Pithoria,834006,Ranchi,Jharkhand,8863866473,9784503902,GEN,,INDIAN,3CLASS,A,board of secondary education,2022,SAVELFLDB8AH,SATANSB1QB24LT,1438706295,3257069841,matthewbuchanan@example.net,,,ACTIVATION-PENDING	,STUDYING,0,0,0,aeFhifDLAGlE,pxrzwnyovsuq,85241039,22-10-2022 17:21,
,20600424,341001,60771650,20600424,,,0,Gloria Johnston,Male,05-10-2020,O+ve,Brian Jimenez,BUSINESS,Brittany Carr,OTHER,"05521 Cooper Circle
Port Christina, LA 22457","05521 Cooper Circle
Port Christina, LA 22457",Thimmapoor,505527,Karimnagar,Telangana,9949727369,9938550036,OBC,,INDIAN,3CLASS,A,board of secondary education,2022,SAVELFLDB8AH,SATANSB1QB24LT,1438706295,3257069841,pchen@example.org,,,ACTIVATION-PENDING	,STUDYING,0,0,0,aeFhifDLAGlE,pxrzwnyovsuq,85241039,23-10-2022 17:21,
,11601768,767026,60930730,11601768,,,0,Savannah Perez,Male,30-08-2017,B+ve,Lawrence Mendoza,GOVERNMENT,Kimberly Chapman,OTHER,"PSC 1117, Box 2615
APO AP 38950","PSC 1117, Box 2615
APO AP 38950",Meerut,250001,Meerut,Uttar Pradesh,9719867415,8894004442,OBC,,INDIAN,4CLASS,A,board of secondary education,2022,SAVELFLDB8AH,SATANSB1QB24LT,1438706295,3257069841,nrobinson@example.org,,,ACTIVATION-PENDING	,STUDYING,0,0,0,aeFhifDLAGlE,pxrzwnyovsuq,85241039,24-10-2022 17:21,
,11634724,175131,60863637,11634724,,,0,Noah Gibbs Jr.,Male,10-04-2017,AB+ve,Edward Smith,TEACHING,Sandra Solis,TEACHING,"Unit 2004 Box 1986
DPO AE 92310","Unit 2004 Box 1986
DPO AE 92310",Ghaziabad,201009,Ghaziabad,Uttar Pradesh,8800105898,9961486839,OBC,,INDIAN,4CLASS,A,board of secondary education,2022,SAVELFLDB8AH,SATANSB1QB24LT,1438706295,3257069841,juliebailey@example.net,,,ACTIVATION-PENDING	,STUDYING,0,0,0,aeFhifDLAGlE,pxrzwnyovsuq,85241039,25-10-2022 17:21,
,15208809,686726,60917139,15208809,,,0,Patrick Morse,Male,13-10-2014,A+ve,Sherry Trevino,GOVERNMENT,Sarah Harris,OTHER,"410 Ramirez Ways
Adamton, SD 48676","410 Ramirez Ways
Adamton, SD 48676",Itarsi,461111,Hoshangabad,Madhya Pradesh,8964840025,9490277855,OBC,,INDIAN,4CLASS,A,board of secondary education,2022,SAVELFLDB8AH,SATANSB1QB24LT,1438706295,3257069841,ycunningham@example.org,,,ACTIVATION-PENDING	,STUDYING,0,0,0,aeFhifDLAGlE,pxrzwnyovsuq,85241039,26-10-2022 17:21,
,22320289,517129,60916183,22320289,,,0,Sharon Sullivan,Male,23-06-2010,B+ve,Christopher Krause,BUSINESS,Chad Thompson,OTHER,"373 Meyer Parks Suite 700
West Christineshire, ND 05560","373 Meyer Parks Suite 700
West Christineshire, ND 05560",City,700074,Twenty Four Parganas,West Bengal,9836549449,8803752364,GEN,,INDIAN,4CLASS,A,board of secondary education,2022,SAVELFLDB8AH,SATANSB1QB24LT,1438706295,3257069841,myang@example.net,,,ACTIVATION-PENDING	,STUDYING,0,0,0,aeFhifDLAGlE,pxrzwnyovsuq,85241039,27-10-2022 17:21,
,11658571,184102,60216929,11658571,,,0,Anna Brady,Male,22-04-2012,O+ve,Shawn Fuentes,GOVERNMENT,Jorge Williams,TEACHING,"742 David Branch
North Shannonport, ND 50404","742 David Branch
North Shannonport, ND 50404",Ghaziabad,201009,Ghaziabad,Uttar Pradesh,9999536306,8239215975,GEN,,INDIAN,4CLASS,A,board of secondary education,2022,SAVELFLDB8AH,SATANSB1QB24LT,1438706295,3257069841,jillroberts@example.net,,,ACTIVATION-PENDING	,STUDYING,0,0,0,aeFhifDLAGlE,pxrzwnyovsuq,85241039,28-10-2022 17:21,
,19302892,324005,60183077,19302892,,,0,Donna Leblanc,Male,25-08-2021,A-ve,Brianna Green,BUSINESS,Alex Owens,OTHER,"39686 Seth Pass
Wallaceburgh, NY 46732","39686 Seth Pass
Wallaceburgh, NY 46732",Kalanwali,125201,Sirsa,Haryana,9467290870,8292702242,GEN,,INDIAN,4CLASS,A,board of secondary education,2022,SAVELFLDB8AH,SATANSB1QB24LT,1438706295,3257069841,april95@example.org,,,ACTIVATION-PENDING	,STUDYING,0,0,0,aeFhifDLAGlE,pxrzwnyovsuq,85241039,29-10-2022 17:21,
,11130361,804402,60155936,11130361,,,0,Timothy Lucas,Male,20-05-2022,O+ve,Larry Cunningham,DOCTOR,Brian Harrington,OTHER,"60119 Ramos Trace
West Hannah, CT 98401","60119 Ramos Trace
West Hannah, CT 98401",Chandrabhan Patti,802215,Rohtas,Bihar,9155468202,9598861868,OBC,,INDIAN,4CLASS,A,board of secondary education,2022,SAVELFLDB8AH,SATANSB1QB24LT,1438706295,3257069841,kimberlyhenderson@example.org,,,ACTIVATION-PENDING	,STUDYING,0,0,0,aeFhifDLAGlE,pxrzwnyovsuq,85241039,30-10-2022 17:21,
,19001896,241301,61193536,19001896,,,0,David Wilkins,Female,25-03-2010,O+ve,Ruth Lee,ADVOCATE,Eric Hayes,OTHER,"4705 Allison Mountains
Sarahbury, ND 94360","4705 Allison Mountains
Sarahbury, ND 94360",Burlla,768020,Sambalpur,Odisha,9437781232,9918273295,OBC,,INDIAN,4CLASS,A,board of secondary education,2022,SAVELFLDB8AH,SATANSB1QB24LT,1438706295,3257069841,garnercindy@example.com,,,ACTIVATION-PENDING	,STUDYING,0,0,0,aeFhifDLAGlE,pxrzwnyovsuq,85241039,31-10-2022 17:21,
,22010314,224149,60421228,22010314,,,0,James Gomez,Female,15-08-2011,B+ve,Rachel Noble,BUSINESS,Michelle Warner,OTHER,"2640 Laurie Mount Suite 508
Phillipsfort, LA 63043","2640 Laurie Mount Suite 508
Phillipsfort, LA 63043",Village,221004,Varanasi,Uttar Pradesh,9336089065,9125988458,OBC,,INDIAN,4CLASS,A,board of secondary education,2022,SAVELFLDB8AH,SATANSB1QB24LT,1438706295,3257069841,hcasey@example.com,,,ACTIVATION-PENDING	,STUDYING,0,0,0,aeFhifDLAGlE,pxrzwnyovsuq,85241039,01-11-2022 17:21,
,17009818,226012,60337716,17009818,,,0,Sarah Simon,Male,26-12-2015,A+ve,Robert Duncan,BUSINESS,Steven Douglas,OTHER,"290 Lynch Trafficway
New Alanberg, AK 99643","290 Lynch Trafficway
New Alanberg, AK 99643",Aurangabad,431001,Aurangabad,Maharashtra,9422383106,9948574005,GEN,,INDIAN,4CLASS,A,board of secondary education,2022,SAVELFLDB8AH,SATANSB1QB24LT,1438706295,3257069841,levi38@example.org,,,ACTIVATION-PENDING	,STUDYING,0,0,0,aeFhifDLAGlE,pxrzwnyovsuq,85241039,02-11-2022 17:21,
,15300347,503224,60149916,15300347,,,0,Mrs. Elizabeth Carter MD,Male,28-10-2018,B+ve,Sara Gibbs,BUSINESS,Donald Floyd,OTHER,"5241 William Falls Apt. 756
East Gregory, NC 27115","5241 William Falls Apt. 756
East Gregory, NC 27115",Badamalehra,471311,Chhatarpur,Madhya Pradesh,8827867035,9602960783,GEN,,INDIAN,4CLASS,A,board of secondary education,2022,SAVELFLDB8AH,SATANSB1QB24LT,1438706295,3257069841,carol80@example.net,,,ACTIVATION-PENDING	,STUDYING,0,0,0,aeFhifDLAGlE,pxrzwnyovsuq,85241039,03-11-2022 17:21,
,82400276,342001,60632457,82400276,,,0,Katherine Harrison,Male,29-12-2012,O+ve,Susan Lowery,ENGINEERING,Nicholas Moore,DOCTOR,"514 Clifford Prairie Apt. 292
Andersonborough, VT 19171","514 Clifford Prairie Apt. 292
Andersonborough, VT 19171",Siliguri,734001,Darjeeling,West Bengal,9609288465,7665967592,GEN,,INDIAN,4CLASS,A,board of secondary education,2022,SAVELFLDB8AH,SATANSB1QB24LT,1438706295,3257069841,ruthbrown@example.net,,,ACTIVATION-PENDING	,STUDYING,0,0,0,aeFhifDLAGlE,pxrzwnyovsuq,85241039,04-11-2022 17:21,
,13302731,301026,60091818,13302731,,,0,Rachel Long,Male,23-08-2020,O+ve,Faith Snow,ENGINEERING,Mr. Matthew Rodriguez MD,OTHER,"USNV Blankenship
FPO AP 78526","USNV Blankenship
FPO AP 78526",City,147002,Patiala,Punjab,9417294964,8981167665,GEN,,INDIAN,4CLASS,A,board of secondary education,2022,SAVELFLDB8AH,SATANSB1QB24LT,1438706295,3257069841,westvincent@example.net,,,ACTIVATION-PENDING	,STUDYING,0,0,0,aeFhifDLAGlE,pxrzwnyovsuq,85241039,05-11-2022 17:21,
,80800085,700015,60080581,80800085,,,0,James Roth,Male,17-09-2018,A+ve,David Davis,GOVERNMENT,Kimberly Collins MD,OTHER,"085 Margaret Passage Apt. 625
Johnsonside, MS 57218","085 Margaret Passage Apt. 625
Johnsonside, MS 57218",Paonta Sahib,173025,Sirmour,Himachal Pradesh,9805967744,9912021124,OBC,,INDIAN,4CLASS,A,board of secondary education,2022,SAVELFLDB8AH,SATANSB1QB24LT,1438706295,3257069841,amcdonald@example.org,,,ACTIVATION-PENDING	,STUDYING,0,0,0,aeFhifDLAGlE,pxrzwnyovsuq,85241039,06-11-2022 17:21,
,13802051,521137,60164014,13802051,,,0,Matthew Owens,Male,30-06-2016,B+ve,Stephen Mills,TEACHING,Karen Carpenter,GOVERNMENT,"3380 Peter Spur Suite 069
East Mariahaven, PA 73809","3380 Peter Spur Suite 069
East Mariahaven, PA 73809",Partand,829301,Bokaro,Jharkhand,7050604224,7567485677,GEN,,INDIAN,4CLASS,A,board of secondary education,2022,SAVELFLDB8AH,SATANSB1QB24LT,1438706295,3257069841,williamsgloria@example.com,,,ACTIVATION-PENDING	,STUDYING,0,0,0,aeFhifDLAGlE,pxrzwnyovsuq,85241039,07-11-2022 17:21,
,21816042,380021,60156527,21816042,,,0,Tina Downs,Male,15-04-2020,B+ve,Damon Taylor,BUSINESS,Jeremy Swanson,OTHER,"85903 Kim Bypass
Williamsside, PA 73852","85903 Kim Bypass
Williamsside, PA 73852",Khakhreru ,212656,Fatehpur,Uttar Pradesh,8564038695,9982884873,GEN,,INDIAN,4CLASS,A,board of secondary education,2022,SAVELFLDB8AH,SATANSB1QB24LT,1438706295,3257069841,gdavis@example.net,,,ACTIVATION-PENDING	,STUDYING,0,0,0,aeFhifDLAGlE,pxrzwnyovsuq,85241039,08-11-2022 17:21,
,19000496,303108,60750371,19000496,,,0,Natalie Miller,Male,23-08-2022,B+ve,Jacob Davis,GOVERNMENT,Margaret Reed,OTHER,"686 York Inlet
Tranfort, WI 60967","686 York Inlet
Tranfort, WI 60967",Jharsuguda,768217,Jharsuguda,Odisha,7064324728,8469142158,OBC,,INDIAN,4CLASS,A,board of secondary education,2022,SAVELFLDB8AH,SATANSB1QB24LT,1438706295,3257069841,kyle70@example.org,,,ACTIVATION-PENDING	,STUDYING,0,0,0,aeFhifDLAGlE,pxrzwnyovsuq,85241039,09-11-2022 17:21,
,10905827,364270,60857498,10905827,,,0,Emily Clark,Male,09-09-2012,O+ve,Olivia Moran,AGRICULTURE,Lauren Campbell,OTHER,"20773 White Route
Nelsonport, NV 86418","20773 White Route
Nelsonport, NV 86418",Patna,800002,Patna,Bihar,9504082173,9165181249,GEN,,INDIAN,4CLASS,A,board of secondary education,2022,SAVELFLDB8AH,SATANSB1QB24LT,1438706295,3257069841,ericksontammy@example.net,,,ACTIVATION-PENDING	,STUDYING,0,0,0,aeFhifDLAGlE,pxrzwnyovsuq,85241039,10-11-2022 17:21,
,21201505,452001,60589474,21201505,,,0,Frank Lee,Female,19-04-2020,O+ve,Shannon Gonzalez,GOVERNMENT,Christopher Salazar,OTHER,"043 Jeffrey Burg Suite 417
North Joshua, IN 79961","043 Jeffrey Burg Suite 417
North Joshua, IN 79961",Roorkee ,247667,Haridwar,Uttarakhand,8439563497,9495405112,SC,,INDIAN,4CLASS,A,board of secondary education,2022,SAVELFLDB8AH,SATANSB1QB24LT,1438706295,3257069841,jenna88@example.net,,,ACTIVATION-PENDING	,STUDYING,0,0,0,aeFhifDLAGlE,pxrzwnyovsuq,85241039,11-11-2022 17:21,
,19615717,695043,60439829,19615717,,,0,Elizabeth Camacho,Male,18-05-2022,A+ve,Misty Davis,BUSINESS,Kristen King,GOVERNMENT,"2940 Brittany Shoals Apt. 344
Ryanland, DC 87470","2940 Brittany Shoals Apt. 344
Ryanland, DC 87470",Waidhan,486886,Singrauli,Madhya Pradesh,7806044930,8547068402,OBC,,INDIAN,4CLASS,A,board of secondary education,2022,SAVELFLDB8AH,SATANSB1QB24LT,1438706295,3257069841,cassandra85@example.com,,,ACTIVATION-PENDING	,STUDYING,0,0,0,aeFhifDLAGlE,pxrzwnyovsuq,85241039,12-11-2022 17:21,
,17101763,683587,60001490,17101763,,,0,Carlos Cantu,Male,09-09-2022,B+ve,Shannon Doyle,ENGINEERING,Brent Woodard,OTHER,"48038 Sheila Walk
Josephfurt, GA 02322","48038 Sheila Walk
Josephfurt, GA 02322",Mumbai,400103,Mumbai,Maharashtra,9664492211,9446525648,GEN,,INDIAN,5CLASS,A,board of secondary education,2022,SAVELFLDB8AH,SATANSB1QB24LT,1438706295,3257069841,davismelissa@example.com,,,ACTIVATION-PENDING	,STUDYING,0,0,0,aeFhifDLAGlE,pxrzwnyovsuq,85241039,13-11-2022 17:21,
,13404510,686563,61097909,13404510,,,0,Kellie Barker,Male,31-08-2011,A+ve,Christian Kelly,BUSINESS,Jessica Smith,OTHER,"7838 Sheila Well
Johnberg, KS 72720","7838 Sheila Well
Johnberg, KS 72720",Teh Ghumarwin,174028,Bilaspur,Himachal Pradesh,9882354939,9704448990,GEN,,INDIAN,5CLASS,A,board of secondary education,2022,SAVELFLDB8AH,SATANSB1QB24LT,1438706295,3257069841,janethill@example.com,,,ACTIVATION-PENDING	,STUDYING,0,0,0,aeFhifDLAGlE,pxrzwnyovsuq,85241039,14-11-2022 17:21,
,15603276,506101,60671157,15603276,,,0,Timothy Miller,Male,10-02-2016,B+ve,Jacob Adams,BUSINESS,Austin Weber,TEACHING,"68408 Ashley Mountain Suite 164
North Trevor, WY 92056","68408 Ashley Mountain Suite 164
North Trevor, WY 92056",Gwalior,474012,Gwalior,Madhya Pradesh,9685339261,9797898183,OBC,,INDIAN,5CLASS,A,board of secondary education,2022,SAVELFLDB8AH,SATANSB1QB24LT,1438706295,3257069841,briankelly@example.org,,,ACTIVATION-PENDING	,STUDYING,0,0,0,aeFhifDLAGlE,pxrzwnyovsuq,85241039,15-11-2022 17:21,
,21888059,192123,60987223,21888059,,,0,Katherine Bryant,Female,24-10-2018,AB+ve,Allison Yang,BUSINESS,Lisa Lutz,OTHER,"PSC 7780, Box 9002
APO AE 23883","PSC 7780, Box 9002
APO AE 23883",Kanpur,208017,Kanpur,Uttar Pradesh,9044151294,9424085547,GEN,,INDIAN,5CLASS,A,board of secondary education,2022,SAVELFLDB8AH,SATANSB1QB24LT,1438706295,3257069841,cgarcia@example.com,,,ACTIVATION-PENDING	,STUDYING,0,0,0,aeFhifDLAGlE,pxrzwnyovsuq,85241039,16-11-2022 17:21,
,20426932,454221,60831127,20426932,,,0,Charles Vasquez,Male,01-07-2011,AB+ve,Mrs. Tina Gonzalez,BUSINESS,Michael Franklin,OTHER,"57250 Jonathan Drive Apt. 620
Robertsberg, UT 38449","57250 Jonathan Drive Apt. 620
Robertsberg, UT 38449",Tekuipalli,507002,Khammam,Telangana,9866798919,7620452824,GEN,,INDIAN,5CLASS,A,board of secondary education,2022,SAVELFLDB8AH,SATANSB1QB24LT,1438706295,3257069841,antoniososa@example.org,,,ACTIVATION-PENDING	,STUDYING,0,0,0,aeFhifDLAGlE,pxrzwnyovsuq,85241039,17-11-2022 17:21,
,19621183,424002,60824302,19621183,,,0,Christy Nolan,Male,05-05-2011,B+ve,Melissa Johnson,GOVERNMENT,Michael Stanton,OTHER,"5459 Bright Burgs
Chaseberg, CT 94484","5459 Bright Burgs
Chaseberg, CT 94484",Bhukha,322028,Sawai Madhopur,Rajasthan,8696753205,8822108923,GEN,,INDIAN,5CLASS,A,board of secondary education,2022,SAVELFLDB8AH,SATANSB1QB24LT,1438706295,3257069841,aaronaustin@example.net,,,ACTIVATION-PENDING	,STUDYING,0,0,0,aeFhifDLAGlE,pxrzwnyovsuq,85241039,18-11-2022 17:21,
,12612123,783331,60481638,12612123,,,0,Michael Griffin,Female,13-03-2022,O+ve,Jacob Miller,GOVERNMENT,Andrea Jones,OTHER,"USNS Young
FPO AP 53494","USNS Young
FPO AP 53494",Surat,395009,Surat,Gujarat,9824119366,9672524667,GEN,,INDIAN,5CLASS,A,board of secondary education,2022,SAVELFLDB8AH,SATANSB1QB24LT,1438706295,3257069841,joseph50@example.com,,,ACTIVATION-PENDING	,STUDYING,0,0,0,aeFhifDLAGlE,pxrzwnyovsuq,85241039,19-11-2022 17:21,
,21406299,341509,60722499,21406299,,,0,Melinda Branch,Male,05-10-2014,A+ve,Emily Anderson,PRIVATE SERVICE,Jason Douglas,GOVERNMENT,"3386 Juarez Hills Apt. 747
Mcguirefort, NM 82133","3386 Juarez Hills Apt. 747
Mcguirefort, NM 82133",Pure Shuklan,230132,Pratapgarh,Uttar Pradesh,8808331778,9158995355,GEN,,INDIAN,5CLASS,A,board of secondary education,2022,SAVELFLDB8AH,SATANSB1QB24LT,1438706295,3257069841,nancy63@example.net,,,ACTIVATION-PENDING	,STUDYING,0,0,0,aeFhifDLAGlE,pxrzwnyovsuq,85241039,20-11-2022 17:21,
,10308899,425508,60640336,10308899,,,0,Christopher Martin,Female,18-08-2015,O+ve,Jasmine Delacruz,ENGINEERING,Douglas Escobar,OTHER,"8094 Eaton Gardens
Port Chrisshire, SD 08894","8094 Eaton Gardens
Port Chrisshire, SD 08894",K Pulakunta ,515551,Ananthapur,Andhra Pradesh,9912738442,7277789027,GEN,,INDIAN,5CLASS,A,board of secondary education,2022,SAVELFLDB8AH,SATANSB1QB24LT,1438706295,3257069841,igarcia@example.org,,,ACTIVATION-PENDING	,STUDYING,0,0,0,aeFhifDLAGlE,pxrzwnyovsuq,85241039,21-11-2022 17:21,
,20701704,812004,60440366,20701704,,,0,Brandi Berry,Male,04-02-2020,B+ve,James Lopez,BUSINESS,Miss Stacey Mendez,OTHER,"Unit 5678 Box 9552
DPO AE 74408","Unit 5678 Box 9552
DPO AE 74408",Kumarghat,799290,Unakoti,Tripura,9089943814,9928503094,GEN,,INDIAN,5CLASS,A,board of secondary education,2022,SAVELFLDB8AH,SATANSB1QB24LT,1438706295,3257069841,john07@example.net,,,ACTIVATION-PENDING	,STUDYING,0,0,0,aeFhifDLAGlE,pxrzwnyovsuq,85241039,22-11-2022 17:21,
,11308186,325004,60019990,11308186,,,0,Cheryl Jenkins,Female,23-10-2010,AB+ve,Melissa Dyer,BUSINESS,Angela Hawkins,TEACHING,"675 Williams Stream
Chasechester, WA 50105","675 Williams Stream
Chasechester, WA 50105",P.O. Nankatthi,491001,Durg,Chhattisgarh,9755495541,9755904321,GEN,,INDIAN,5CLASS,A,board of secondary education,2022,SAVELFLDB8AH,SATANSB1QB24LT,1438706295,3257069841,penny23@example.com,,,ACTIVATION-PENDING	,STUDYING,0,0,0,aeFhifDLAGlE,pxrzwnyovsuq,85241039,23-11-2022 17:21,
,20436858,472336,60255589,20436858,,,0,Joseph Hernandez DDS,Male,19-08-2017,B+ve,Amanda Howell,PUBLIC SECTOR,Julie Mccarty,TEACHING,"445 Valerie Ville Suite 199
East Williamfort, AK 30871","445 Valerie Ville Suite 199
East Williamfort, AK 30871",Secunderabad,500056,Ranga Reddy,Telangana,9542707592,9694559676,GEN,,INDIAN,5CLASS,A,board of secondary education,2022,SAVELFLDB8AH,SATANSB1QB24LT,1438706295,3257069841,jill22@example.net,,,ACTIVATION-PENDING	,STUDYING,0,0,0,aeFhifDLAGlE,pxrzwnyovsuq,85241039,24-11-2022 17:21,
,13401392,301001,60047082,13401392,,,0,Joseph Romero,Male,26-09-2019,B+ve,Robert James,PRIVATE SERVICE,Joyce Sanders,GOVERNMENT,"84127 Dorsey Union
Dennistown, NM 26602","84127 Dorsey Union
Dennistown, NM 26602",Una,176601,Una,Himachal Pradesh,9816819868,9771658340,GEN,,INDIAN,5CLASS,A,board of secondary education,2022,SAVELFLDB8AH,SATANSB1QB24LT,1438706295,3257069841,christian14@example.net,,,ACTIVATION-PENDING	,STUDYING,0,0,0,aeFhifDLAGlE,pxrzwnyovsuq,85241039,25-11-2022 17:21,
,17218327,842001,60817658,17218327,,,0,Daniel Woods,Male,12-10-2022,B+ve,Grace Edwards,GOVERNMENT,Judy Frey,OTHER,"57233 Proctor Ford
West Tylerport, WA 63598","57233 Proctor Ford
West Tylerport, WA 63598",Murmadi,441804,Bhandara,Maharashtra,7218191815,9890863057,GEN,,INDIAN,5CLASS,A,board of secondary education,2022,SAVELFLDB8AH,SATANSB1QB24LT,1438706295,3257069841,nicolewise@example.net,,,ACTIVATION-PENDING	,STUDYING,0,0,0,aeFhifDLAGlE,pxrzwnyovsuq,85241039,26-11-2022 17:21,
,18901569,416308,60776055,18901569,,,0,Sophia Rodriguez,Male,16-07-2011,O-ve,Patrick Guerra,TEACHING,Allen Tran,OTHER,"1936 Johnson Drive Apt. 307
Branchburgh, GA 67190","1936 Johnson Drive Apt. 307
Branchburgh, GA 67190",Sundargarh,770013,Sundargarh,Odisha,8763329543,8358967837,GEN,,INDIAN,5CLASS,A,board of secondary education,2022,SAVELFLDB8AH,SATANSB1QB24LT,1438706295,3257069841,kpatterson@example.org,,,ACTIVATION-PENDING	,STUDYING,0,0,0,aeFhifDLAGlE,pxrzwnyovsuq,85241039,27-11-2022 17:21,
,11116877,474012,60847653,11116877,,,0,Jordan Kennedy,Male,21-01-2019,B+ve,Amber Jordan,PUBLIC SECTOR,Martin Huffman,PUBLIC SECTOR,"2488 Wallace Gateway Apt. 613
Jordanstad, NM 01156","2488 Wallace Gateway Apt. 613
Jordanstad, NM 01156",Aropur,801117,Patna,Bihar,7033987595,9801947351,GEN,,INDIAN,5CLASS,A,board of secondary education,2022,SAVELFLDB8AH,SATANSB1QB24LT,1438706295,3257069841,langamanda@example.org,,,ACTIVATION-PENDING	,STUDYING,0,0,0,aeFhifDLAGlE,pxrzwnyovsuq,85241039,28-11-2022 17:21,
,82100620,843331,60080365,82100620,,,0,Nicholas Cook,Male,06-01-2014,AB+ve,John Keller,PRIVATE SERVICE,James Ruiz,OTHER,"899 Thomas Springs Apt. 421
Port Barbaraberg, OR 41834","899 Thomas Springs Apt. 421
Port Barbaraberg, OR 41834",Durgapur,713213,Burdwan,West Bengal,9332486842,9434413806,GEN,,INDIAN,5CLASS,A,board of secondary education,2022,SAVELFLDB8AH,SATANSB1QB24LT,1438706295,3257069841,david08@example.net,,,ACTIVATION-PENDING	,STUDYING,0,0,0,aeFhifDLAGlE,pxrzwnyovsuq,85241039,29-11-2022 17:21,
,70403786,721212,60302322,70403786,,,0,Jeffrey Green,Male,14-02-2018,B+ve,Shawn Gutierrez,BUSINESS,Amanda Hart,ENGINEERING,"USNV Mcguire
FPO AE 07702","USNV Mcguire
FPO AE 07702",Kothapeta,533223,East Godavari,Andhra Pradesh,9701273469,9571225289,GEN,,INDIAN,5CLASS,A,board of secondary education,2022,SAVELFLDB8AH,SATANSB1QB24LT,1438706295,3257069841,zimmermanjoseph@example.com,,,ACTIVATION-PENDING	,STUDYING,0,0,0,aeFhifDLAGlE,pxrzwnyovsuq,85241039,30-11-2022 17:21,
,10414510,344001,60815260,10414510,,,0,Michael Velasquez,Male,25-06-2019,B+ve,Jennifer King,GOVERNMENT,Jeff Young,OTHER,"219 Mendoza Camp Apt. 953
South Cathy, IN 51692","219 Mendoza Camp Apt. 953
South Cathy, IN 51692",Vijayawada,520003,Krishna,Andhra Pradesh,8008476757,9417801244,GEN,,INDIAN,5CLASS,A,board of secondary education,2022,SAVELFLDB8AH,SATANSB1QB24LT,1438706295,3257069841,qrandolph@example.net,,,ACTIVATION-PENDING	,STUDYING,0,0,0,aeFhifDLAGlE,pxrzwnyovsuq,85241039,01-12-2022 17:21,
,13001774,144514,60016123,13001774,,,0,Diane Clark,Male,18-01-2010,B+ve,Laurie Calderon,ENGINEERING,Sarah Hayes,OTHER,"82233 Robert Curve Suite 405
Aliciamouth, DE 62408","82233 Robert Curve Suite 405
Aliciamouth, DE 62408",Gurgaon,122002,Gurgaon,Haryana,9717890222,9782391209,GEN,,INDIAN,5CLASS,A,board of secondary education,2022,SAVELFLDB8AH,SATANSB1QB24LT,1438706295,3257069841,kfowler@example.com,,,ACTIVATION-PENDING	,STUDYING,0,0,0,aeFhifDLAGlE,pxrzwnyovsuq,85241039,02-12-2022 17:21,
,17101541,341025,60990280,17101541,,,0,Stanley Wallace,Male,10-01-2022,B+ve,Kevin Walker,BUSINESS,Sean Pollard,OTHER,"99712 Mitchell Manors Apt. 757
Angelicafurt, OK 22795","99712 Mitchell Manors Apt. 757
Angelicafurt, OK 22795",Mankhurd West,400043,Mumbai,Maharashtra,8652100491,8816884207,GEN,,INDIAN,6CLASS,A,board of secondary education,2022,SAVELFLDB8AH,SATANSB1QB24LT,1438706295,3257069841,martin42@example.org,,,ACTIVATION-PENDING	,STUDYING,0,0,0,aeFhifDLAGlE,pxrzwnyovsuq,85241039,03-12-2022 17:21,
,21808785,125051,60611078,21808785,,,0,Jennifer Booth,Male,10-09-2022,B+ve,Cynthia Martin,BUSINESS,Matthew Hughes,TEACHING,"22660 Santos Vista Suite 125
Moorehaven, ME 05645","22660 Santos Vista Suite 125
Moorehaven, ME 05645",Kanpur,208019,Kanpur,Uttar Pradesh,9837025646,8013512293,GEN,,INDIAN,6CLASS,A,board of secondary education,2022,SAVELFLDB8AH,SATANSB1QB24LT,1438706295,3257069841,joshua62@example.org,,,ACTIVATION-PENDING	,STUDYING,0,0,0,aeFhifDLAGlE,pxrzwnyovsuq,85241039,04-12-2022 17:21,
,17408664,700064,60939042,17408664,,,0,Edward Morrison,Male,31-01-2017,O+ve,Nicole Ryan,GOVERNMENT,Allen Scott,OTHER,"335 Andrew Field Suite 087
East Stephanieberg, MO 91622","335 Andrew Field Suite 087
East Stephanieberg, MO 91622",Pandharpur,413304,Solapur,Maharashtra,9970957272,9005364114,ST,,INDIAN,6CLASS,A,board of secondary education,2022,SAVELFLDB8AH,SATANSB1QB24LT,1438706295,3257069841,angela65@example.net,,,ACTIVATION-PENDING	,STUDYING,0,0,0,aeFhifDLAGlE,pxrzwnyovsuq,85241039,05-12-2022 17:21,
,10309216,285204,60774656,10309216,,,0,Ann Burch,Female,15-10-2016,B+ve,Emily Gillespie,GOVERNMENT,Dana Ward,OTHER,"126 Melissa Islands Suite 358
Lake Kellymouth, OR 86768","126 Melissa Islands Suite 358
Lake Kellymouth, OR 86768",Mittoor,517001,Chittoor,Andhra Pradesh,9550777100,9807051556,GEN,,INDIAN,6CLASS,A,board of secondary education,2022,SAVELFLDB8AH,SATANSB1QB24LT,1438706295,3257069841,mfarmer@example.org,,,ACTIVATION-PENDING	,STUDYING,0,0,0,aeFhifDLAGlE,pxrzwnyovsuq,85241039,06-12-2022 17:21,
,13400724,275101,61002041,13400724,,,0,Emily Clarke,Male,28-10-2017,O+ve,Curtis Rodriguez,GOVERNMENT,Scott Gardner,GOVERNMENT,"0736 George Village Apt. 143
Hamiltonview, UT 65725","0736 George Village Apt. 143
Hamiltonview, UT 65725",Tehsil Hamirpur,177501,Hamirpur,Himachal Pradesh,9736635465,9937555273,GEN,,INDIAN,6CLASS,A,board of secondary education,2022,SAVELFLDB8AH,SATANSB1QB24LT,1438706295,3257069841,jeffreysmith@example.org,,,ACTIVATION-PENDING	,STUDYING,0,0,0,aeFhifDLAGlE,pxrzwnyovsuq,85241039,07-12-2022 17:21,
,76800207,761104,60177673,76800207,,,0,Mark Brock,Female,28-03-2011,B+ve,Richard Delacruz,BUSINESS,Ryan Mitchell,OTHER,"079 Robert Key
East Paula, NY 37388","079 Robert Key
East Paula, NY 37388",Vidisha,464001,Vidisha,Madhya Pradesh,9406867158,9464490426,GEN,,INDIAN,6CLASS,A,board of secondary education,2022,SAVELFLDB8AH,SATANSB1QB24LT,1438706295,3257069841,diazdaniel@example.com,,,ACTIVATION-PENDING	,STUDYING,0,0,0,aeFhifDLAGlE,pxrzwnyovsuq,85241039,08-12-2022 17:21,
,20805424,143505,60108567,20805424,,,0,Kelsey Brady DDS,Male,05-05-2020,O+ve,William Petersen,GOVERNMENT,Veronica Jones,OTHER,"031 Jeffrey Turnpike
Lake Adamchester, AR 53044","031 Jeffrey Turnpike
Lake Adamchester, AR 53044",Srinagar Garhwal,246174,Pauri,Uttarakhand,9917034462,9868036521,GEN,,INDIAN,6CLASS,A,board of secondary education,2022,SAVELFLDB8AH,SATANSB1QB24LT,1438706295,3257069841,shelbyclark@example.net,,,ACTIVATION-PENDING	,STUDYING,0,0,0,aeFhifDLAGlE,pxrzwnyovsuq,85241039,09-12-2022 17:21,
,19602450,110043,60017142,19602450,,,0,Shelby Davis,Male,23-09-2015,B+ve,Rebecca Salazar,ADVOCATE,Kim Pham,OTHER,"43848 Sweeney Haven
Benjaminmouth, MD 88321","43848 Sweeney Haven
Benjaminmouth, MD 88321",Julana,126101,Jind,Haryana,9467973061,9978266099,GEN,,INDIAN,6CLASS,A,board of secondary education,2022,SAVELFLDB8AH,SATANSB1QB24LT,1438706295,3257069841,khart@example.org,,,ACTIVATION-PENDING	,STUDYING,0,0,0,aeFhifDLAGlE,pxrzwnyovsuq,85241039,10-12-2022 17:21,
,21505506,383350,60694627,21505506,,,0,John White,Female,29-10-2015,B+ve,Sarah Williams,GOVERNMENT,Rhonda Ford,OTHER,"3380 Luke Walk Suite 068
New Branditon, MD 63374","3380 Luke Walk Suite 068
New Branditon, MD 63374",Bareilly,243001,Bareilly,Uttar Pradesh,9837095145,8756720543,GEN,,INDIAN,6CLASS,A,board of secondary education,2022,SAVELFLDB8AH,SATANSB1QB24LT,1438706295,3257069841,megananderson@example.net,,,ACTIVATION-PENDING	,STUDYING,0,0,0,aeFhifDLAGlE,pxrzwnyovsuq,85241039,11-12-2022 17:21,
,18903061,209722,60705404,18903061,,,0,Kimberly Osborne,Female,18-05-2014,B+ve,Olivia Archer,BUSINESS,Kevin Garcia,OTHER,"475 Sanders Plains
Lake Shelley, MA 05606","475 Sanders Plains
Lake Shelley, MA 05606",Rourkela,769003,Sundargarh,Odisha,9437244582,9880821919,GEN,,INDIAN,6CLASS,A,board of secondary education,2022,SAVELFLDB8AH,SATANSB1QB24LT,1438706295,3257069841,lbrown@example.org,,,ACTIVATION-PENDING	,STUDYING,0,0,0,aeFhifDLAGlE,pxrzwnyovsuq,85241039,12-12-2022 17:21,
,13804362,575003,60116268,13804362,,,0,Curtis Gregory,Male,20-02-2020,B+ve,Jeff Bonilla,GOVERNMENT,Nicole Rice,GOVERNMENT,"848 Jeffrey Point Apt. 081
Cynthiaside, TN 10713","848 Jeffrey Point Apt. 081
Cynthiaside, TN 10713",Town,825410,Koderma,Jharkhand,9570855392,9906280183,GEN,,INDIAN,6CLASS,A,board of secondary education,2022,SAVELFLDB8AH,SATANSB1QB24LT,1438706295,3257069841,john83@example.net,,,ACTIVATION-PENDING	,STUDYING,0,0,0,aeFhifDLAGlE,pxrzwnyovsuq,85241039,13-12-2022 17:21,
,12510450,192231,60861875,12510450,,,0,Debra Jones,Female,01-07-2022,B+ve,Kelly Barber,BUSINESS,Johnny Burnett,OTHER,"091 Buckley Grove
Glennmouth, WY 46344","091 Buckley Grove
Glennmouth, WY 46344",Gir Gadhda,362530,Junagadh,Gujarat,9879386575,9427060078,OBC,,INDIAN,6CLASS,A,board of secondary education,2022,SAVELFLDB8AH,SATANSB1QB24LT,1438706295,3257069841,lambertashley@example.org,,,ACTIVATION-PENDING	,STUDYING,0,0,0,aeFhifDLAGlE,pxrzwnyovsuq,85241039,14-12-2022 17:21,
,19700315,384315,60087331,19700315,,,0,Wesley Johnson,Male,06-07-2017,B+ve,April Davis,ADVOCATE,Mr. Zachary Montes,OTHER,"553 Ellis Bypass
Port Maryland, LA 62171","553 Ellis Bypass
Port Maryland, LA 62171",Reodar,307514,Sirohi,Rajasthan,9587704576,8651339609,GEN,,INDIAN,6CLASS,A,board of secondary education,2022,SAVELFLDB8AH,SATANSB1QB24LT,1438706295,3257069841,beckerlindsey@example.net,,,ACTIVATION-PENDING	,STUDYING,0,0,0,aeFhifDLAGlE,pxrzwnyovsuq,85241039,15-12-2022 17:21,
,11620256,800027,60158634,11620256,,,0,Lawrence Smith,Male,25-03-2012,O+ve,Debbie Montgomery,GOVERNMENT,Julie Adams,OTHER,"2728 Hernandez Ford
Joshuaborough, VT 83720","2728 Hernandez Ford
Joshuaborough, VT 83720",Vijay Nagar,201009,Ghaziabad,Uttar Pradesh,9971727182,7250515548,ST,,INDIAN,6CLASS,A,board of secondary education,2022,SAVELFLDB8AH,SATANSB1QB24LT,1438706295,3257069841,cookephillip@example.org,,,ACTIVATION-PENDING	,STUDYING,0,0,0,aeFhifDLAGlE,pxrzwnyovsuq,85241039,16-12-2022 17:21,
,21607438,843125,60102790,21607438,,,0,Micheal Scott,Male,28-02-2010,B+ve,Debra Ramirez,GOVERNMENT,Thomas Morton,OTHER,"8187 Sandy Harbor
Victorberg, LA 23731","8187 Sandy Harbor
Victorberg, LA 23731",Maghar ,272173,Sant Kabir Nagar ,Uttar Pradesh,9598735499,9000991569,GEN,,INDIAN,6CLASS,A,board of secondary education,2022,SAVELFLDB8AH,SATANSB1QB24LT,1438706295,3257069841,stephanieayers@example.org,,,ACTIVATION-PENDING	,STUDYING,0,0,0,aeFhifDLAGlE,pxrzwnyovsuq,85241039,17-12-2022 17:21,
,19621634,500090,60798422,19621634,,,0,Denise Silva,Female,30-04-2020,A-ve,Rebecca Miller,GOVERNMENT,Matthew Bell,OTHER,"4761 Allen Parks
Rhodesmouth, NJ 74240","4761 Allen Parks
Rhodesmouth, NJ 74240",Sanganer,302029,Jaipur,Rajasthan,8384914447,9760532686,GEN,,INDIAN,6CLASS,A,board of secondary education,2022,SAVELFLDB8AH,SATANSB1QB24LT,1438706295,3257069841,millerdana@example.org,,,ACTIVATION-PENDING	,STUDYING,0,0,0,aeFhifDLAGlE,pxrzwnyovsuq,85241039,18-12-2022 17:21,
,21920479,203131,60135574,21920479,,,0,Lindsey Johnson,Male,25-11-2018,B+ve,Donna Brown PhD,GOVERNMENT,Kevin Mcfarland,TEACHING,"21372 Joshua Light Suite 620
Mariafurt, OH 19826","21372 Joshua Light Suite 620
Mariafurt, OH 19826",Lucknow,226002,Lucknow,Uttar Pradesh,9451949981,9747887258,SC,,INDIAN,6CLASS,A,board of secondary education,2022,SAVELFLDB8AH,SATANSB1QB24LT,1438706295,3257069841,matthewgraves@example.net,,,ACTIVATION-PENDING	,STUDYING,0,0,0,aeFhifDLAGlE,pxrzwnyovsuq,85241039,19-12-2022 17:21,
,20401625,691571,60714540,20401625,,,0,Sheri James,Male,11-06-2020,B+ve,Calvin Becker,DOCTOR,Elizabeth Allen,DOCTOR,"66555 Benitez Station Suite 614
South Jessicachester, IA 83072","66555 Benitez Station Suite 614
South Jessicachester, IA 83072",Saroornagar,500059,Rangareddy,Telangana,8333038724,9301074369,GEN,,INDIAN,6CLASS,A,board of secondary education,2022,SAVELFLDB8AH,SATANSB1QB24LT,1438706295,3257069841,ericprice@example.org,,,ACTIVATION-PENDING	,STUDYING,0,0,0,aeFhifDLAGlE,pxrzwnyovsuq,85241039,20-12-2022 17:21,
,71605755,461228,60627297,71605755,,,0,Taylor Ramirez,Female,30-03-2021,O+ve,Lori Cross,BUSINESS,Heather Wilkerson,OTHER,"67849 Huynh Coves Suite 727
Shannonton, HI 69154","67849 Huynh Coves Suite 727
Shannonton, HI 69154",Rohini,110085,North West Delhi,Delhi,8285235875,9419201401,GEN,,INDIAN,6CLASS,A,board of secondary education,2022,SAVELFLDB8AH,SATANSB1QB24LT,1438706295,3257069841,charles26@example.org,,,ACTIVATION-PENDING	,STUDYING,0,0,0,aeFhifDLAGlE,pxrzwnyovsuq,85241039,21-12-2022 17:21,
,13101155,181221,60501872,13101155,,,0,Gabrielle Caldwell,Male,11-05-2011,B+ve,Luis Hart,TEACHING,Daniel Moore,TEACHING,"58657 Torres Tunnel
Greenmouth, SC 15234","58657 Torres Tunnel
Greenmouth, SC 15234",Hisar,125001,Hisar,Haryana,7357372549,9459288891,GEN,,INDIAN,6CLASS,A,board of secondary education,2022,SAVELFLDB8AH,SATANSB1QB24LT,1438706295,3257069841,medinamegan@example.net,,,ACTIVATION-PENDING	,STUDYING,0,0,0,aeFhifDLAGlE,pxrzwnyovsuq,85241039,22-12-2022 17:21,
,17313431,176023,60797590,17313431,,,0,Wesley Perez,Female,01-07-2013,O+ve,Erica Flores,GOVERNMENT,Gary Johnson,OTHER,"302 Singleton Springs Suite 261
Stephanieside, OH 33303","302 Singleton Springs Suite 261
Stephanieside, OH 33303",Nashik,422002,Nashik,Maharashtra,9422246046,9995659257,GEN,,INDIAN,7CLASS,A,board of secondary education,2022,SAVELFLDB8AH,SATANSB1QB24LT,1438706295,3257069841,elopez@example.net,,,ACTIVATION-PENDING	,STUDYING,0,0,0,aeFhifDLAGlE,pxrzwnyovsuq,85241039,23-12-2022 17:21,
,11603398,671321,60248270,11603398,,,0,Patrick Martinez,Male,16-07-2014,B+ve,Jamie Lee,GOVERNMENT,Richard Huber,OTHER,"72261 Martinez Run Suite 086
East Ruben, NE 77136","72261 Martinez Run Suite 086
East Ruben, NE 77136",Kamalpur Burari,110084,North,Delhi,9868364466,9974855131,GEN,,INDIAN,7CLASS,A,board of secondary education,2022,SAVELFLDB8AH,SATANSB1QB24LT,1438706295,3257069841,tracy61@example.org,,,ACTIVATION-PENDING	,STUDYING,0,0,0,aeFhifDLAGlE,pxrzwnyovsuq,85241039,24-12-2022 17:21,
,20432443,389350,60221968,20432443,,,0,Debra Jones,Male,08-01-2013,O+ve,Anthony Hernandez,GOVERNMENT,Dr. Donna Cochran,OTHER,"PSC 9768, Box 6135
APO AE 09530","PSC 9768, Box 6135
APO AE 09530",Hyderabad,500059,Rangareddy,Telangana,9951992456,8083549607,ST,,INDIAN,7CLASS,A,board of secondary education,2022,SAVELFLDB8AH,SATANSB1QB24LT,1438706295,3257069841,laura31@example.com,,,ACTIVATION-PENDING	,STUDYING,0,0,0,aeFhifDLAGlE,pxrzwnyovsuq,85241039,25-12-2022 17:21,
,11700112,828201,60609940,11700112,,,0,Richard Walker,Male,02-01-2018,B+ve,Rachel Sweeney,GOVERNMENT,Amanda Wilson,BUSINESS,"1594 Don Mountains
Port Danieltown, SD 51150","1594 Don Mountains
Port Danieltown, SD 51150",Kagal,416216,Kolhapur,Maharashtra,9637118989,9975076727,GEN,,INDIAN,7CLASS,A,board of secondary education,2022,SAVELFLDB8AH,SATANSB1QB24LT,1438706295,3257069841,daniellebrown@example.org,,,ACTIVATION-PENDING	,STUDYING,0,0,0,aeFhifDLAGlE,pxrzwnyovsuq,85241039,26-12-2022 17:21,
,13001208,442401,60461612,13001208,,,0,Joshua Mcdaniel,Female,16-11-2021,O+ve,Brittany Vega,ENGINEERING,Vanessa Hess,OTHER,"589 Mark Coves
Zavalaborough, GA 55882","589 Mark Coves
Zavalaborough, GA 55882",Rewari,123401,Rewari,Haryana,9811476646,9605338996,GEN,,INDIAN,7CLASS,A,board of secondary education,2022,SAVELFLDB8AH,SATANSB1QB24LT,1438706295,3257069841,gonzalezbrittany@example.net,,,ACTIVATION-PENDING	,STUDYING,0,0,0,aeFhifDLAGlE,pxrzwnyovsuq,85241039,27-12-2022 17:21,
,10415153,680519,60136312,10415153,,,0,Charles Payne,Female,28-05-2021,O+ve,Richard Miller,BUSINESS,Eric Lowe,BUSINESS,"Unit 6997 Box 1517
DPO AE 46551","Unit 6997 Box 1517
DPO AE 46551",Kothapeta,533223,East Godavari,Andhra Pradesh,9948498742,9460273205,GEN,,INDIAN,7CLASS,A,board of secondary education,2022,SAVELFLDB8AH,SATANSB1QB24LT,1438706295,3257069841,jessica11@example.org,,,ACTIVATION-PENDING	,STUDYING,0,0,0,aeFhifDLAGlE,pxrzwnyovsuq,85241039,28-12-2022 17:21,
,21803209,341303,60028023,21803209,,,0,Meredith Hunt,Male,21-03-2012,O+ve,Mary Carrillo,GOVERNMENT,Kevin Keith,TEACHING,"015 Gilmore Village Apt. 939
Faulknerside, IL 90736","015 Gilmore Village Apt. 939
Faulknerside, IL 90736",Kanpur,208022,Kanpur,Uttar Pradesh,7607221112,9895197154,GEN,,INDIAN,7CLASS,A,board of secondary education,2022,SAVELFLDB8AH,SATANSB1QB24LT,1438706295,3257069841,sean80@example.com,,,ACTIVATION-PENDING	,STUDYING,0,0,0,aeFhifDLAGlE,pxrzwnyovsuq,85241039,29-12-2022 17:21,
,17110160,676319,60068315,17110160,,,0,Wesley Macias,Male,03-08-2021,O+ve,Chelsea Woodward,BUSINESS,Rebecca Campbell,OTHER,"7205 Nicole Heights
Tammymouth, SD 16349","7205 Nicole Heights
Tammymouth, SD 16349",Mumbai,400102,Thane,Maharashtra,8691937668,8129378125,OBC,,INDIAN,7CLASS,A,board of secondary education,2022,SAVELFLDB8AH,SATANSB1QB24LT,1438706295,3257069841,rjohnson@example.org,,,ACTIVATION-PENDING	,STUDYING,0,0,0,aeFhifDLAGlE,pxrzwnyovsuq,85241039,30-12-2022 17:21,
,11103140,676101,60199560,11103140,,,0,Steven Williams,Male,14-01-2022,B+ve,Andrew Haynes,ENGINEERING,Ryan Nguyen,TEACHING,"49574 Wilson Cliff
Mccarthyside, MD 44060","49574 Wilson Cliff
Mccarthyside, MD 44060",Kurwan,848206,Samastipur ,Bihar,9955882177,9039358781,GEN,,INDIAN,7CLASS,A,board of secondary education,2022,SAVELFLDB8AH,SATANSB1QB24LT,1438706295,3257069841,cruzjennifer@example.com,,,ACTIVATION-PENDING	,STUDYING,0,0,0,aeFhifDLAGlE,pxrzwnyovsuq,85241039,31-12-2022 17:21,
,10308781,451001,60676426,10308781,,,0,Karen Adams MD,Male,08-10-2010,O+ve,Brandon Zuniga,BUSINESS,Jackson Frank,BUSINESS,"543 Joseph Lock Apt. 765
Selenamouth, MN 80921","543 Joseph Lock Apt. 765
Selenamouth, MN 80921",Anantapur,515001,Anantapur,Andhra Pradesh,8374665608,9416649434,GEN,,INDIAN,7CLASS,A,board of secondary education,2022,SAVELFLDB8AH,SATANSB1QB24LT,1438706295,3257069841,derekvaughn@example.net,,,ACTIVATION-PENDING	,STUDYING,0,0,0,aeFhifDLAGlE,pxrzwnyovsuq,85241039,01-01-2023 17:21,
,19707101,125052,60222160,19707101,,,0,Anna Hernandez,Male,17-03-2021,O-ve,Thomas Esparza,BUSINESS,Adriana Sullivan,OTHER,"1386 Davidson Inlet Suite 855
Fisherbury, OR 31911","1386 Davidson Inlet Suite 855
Fisherbury, OR 31911",Dangiyawas,342027,Jodhpur,Rajasthan,9001599644,9199968640,GEN,,INDIAN,7CLASS,A,board of secondary education,2022,SAVELFLDB8AH,SATANSB1QB24LT,1438706295,3257069841,moorejason@example.org,,,ACTIVATION-PENDING	,STUDYING,0,0,0,aeFhifDLAGlE,pxrzwnyovsuq,85241039,02-01-2023 17:21,
,17201748,831002,60187970,17201748,,,0,Dalton Simmons,Male,30-09-2022,AB+ve,Lisa Smith,OTHER,Morgan Weaver,OTHER,"7853 Villa Mission
New Lawrencefort, MS 17752","7853 Villa Mission
New Lawrencefort, MS 17752",Chandrapur,442401,Chandrapur,Maharashtra,8888524778,8657166315,OBC,,INDIAN,7CLASS,A,board of secondary education,2022,SAVELFLDB8AH,SATANSB1QB24LT,1438706295,3257069841,wilsondylan@example.org,,,ACTIVATION-PENDING	,STUDYING,0,0,0,aeFhifDLAGlE,pxrzwnyovsuq,85241039,03-01-2023 17:21,
,22308060,424002,60295324,22308060,,,0,Ms. Susan Banks,Male,17-03-2019,B+ve,Kenneth Jackson,BUSINESS,Joe Lutz,TEACHING,"671 Cole Neck
Mooreberg, SD 41977","671 Cole Neck
Mooreberg, SD 41977",Shyamnagar,743127,North Twenty Four Parganas,West Bengal,8902195872,9992969671,GEN,,INDIAN,7CLASS,A,board of secondary education,2022,SAVELFLDB8AH,SATANSB1QB24LT,1438706295,3257069841,taylorchristine@example.org,,,ACTIVATION-PENDING	,STUDYING,0,0,0,aeFhifDLAGlE,pxrzwnyovsuq,85241039,04-01-2023 17:21,
,11808058,125001,60029803,11808058,,,0,Gregory Wilson,Female,08-10-2017,B+ve,Kimberly Baker,PRIVATE SERVICE,Heather Mccall,OTHER,"113 Danielle Burgs Apt. 122
Herreraburgh, NY 29042","113 Danielle Burgs Apt. 122
Herreraburgh, NY 29042",Ghodasar,380050,Ahmedabad,Gujarat,9099805903,9416641729,GEN,,INDIAN,7CLASS,A,board of secondary education,2022,SAVELFLDB8AH,SATANSB1QB24LT,1438706295,3257069841,melissa97@example.com,,,ACTIVATION-PENDING	,STUDYING,0,0,0,aeFhifDLAGlE,pxrzwnyovsuq,85241039,05-01-2023 17:21,
,20405562,125051,60422151,20405562,,,0,Rachel Martin,Female,19-05-2013,O+ve,Stacey Adams,OTHER,Nathan Wilson,OTHER,"337 Steven Drives Apt. 292
North Terrence, MT 68562","337 Steven Drives Apt. 292
North Terrence, MT 68562",New Sangvi,504310,Adilabad,Telangana,9966148662,9034482314,GEN,,INDIAN,7CLASS,A,board of secondary education,2022,SAVELFLDB8AH,SATANSB1QB24LT,1438706295,3257069841,nhill@example.net,,,ACTIVATION-PENDING	,STUDYING,0,0,0,aeFhifDLAGlE,pxrzwnyovsuq,85241039,06-01-2023 17:21,
,15707851,125044,60480119,15707851,,,0,Charles Suarez,Male,11-11-2013,B+ve,Joseph Hunt,ENGINEERING,Donna Melendez,OTHER,"74288 Larry Brook
Lisashire, WA 94928","74288 Larry Brook
Lisashire, WA 94928",Burhanpur,450331,Burhanpur,Madhya Pradesh,9755538255,8901035924,GEN,,INDIAN,7CLASS,A,board of secondary education,2022,SAVELFLDB8AH,SATANSB1QB24LT,1438706295,3257069841,sotogregory@example.com,,,ACTIVATION-PENDING	,STUDYING,0,0,0,aeFhifDLAGlE,pxrzwnyovsuq,85241039,07-01-2023 17:21,
,19606191,125051,60650944,19606191,,,0,Kevin Williams,Female,17-02-2017,A+ve,Tammy Bailey,PRIVATE SERVICE,Deborah Johnson,OTHER,"94718 Tony Junctions Apt. 408
Port Natalie, RI 16480","94718 Tony Junctions Apt. 408
Port Natalie, RI 16480",Mathura,281004,Mathura,Uttar Pradesh,9837955121,8871237527,GEN,,INDIAN,7CLASS,A,board of secondary education,2022,SAVELFLDB8AH,SATANSB1QB24LT,1438706295,3257069841,nelsonaaron@example.net,,,ACTIVATION-PENDING	,STUDYING,0,0,0,aeFhifDLAGlE,pxrzwnyovsuq,85241039,08-01-2023 17:21,
,70402711,462047,60808057,70402711,,,0,David Hines,Female,28-01-2017,B+ve,Christopher Burns,GOVERNMENT,Jeffrey Williams,TEACHING,"8548 Gray Roads
Lanechester, IA 43185","8548 Gray Roads
Lanechester, IA 43185",Seetharama Korangi Village ,533463,East Godavari,Andhra Pradesh,9666829592,9731666966,GEN,,INDIAN,7CLASS,A,board of secondary education,2022,SAVELFLDB8AH,SATANSB1QB24LT,1438706295,3257069841,janicekramer@example.org,,,ACTIVATION-PENDING	,STUDYING,0,0,0,aeFhifDLAGlE,pxrzwnyovsuq,85241039,09-01-2023 17:21,
,11124072,560052,60733805,11124072,,,0,Thomas Tran,Male,27-01-2011,B+ve,Danny Tate,BUSINESS,Stacey Medina,OTHER,"853 Terrell Causeway
Jacobshaven, VT 59591","853 Terrell Causeway
Jacobshaven, VT 59591",Maharana,811212,Munger,Bihar,8804974932,8897857408,GEN,,INDIAN,7CLASS,A,board of secondary education,2022,SAVELFLDB8AH,SATANSB1QB24LT,1438706295,3257069841,henryholly@example.org,,,ACTIVATION-PENDING	,STUDYING,0,0,0,aeFhifDLAGlE,pxrzwnyovsuq,85241039,10-01-2023 17:21,
,10503484,502247,60658523,10503484,,,0,Joanne Webb,Male,16-03-2022,A-ve,Ryan Moore,PRIVATE SERVICE,Scott Patterson,OTHER,"90339 Jeffrey Turnpike Suite 991
East Sarahstad, KS 54938","90339 Jeffrey Turnpike Suite 991
East Sarahstad, KS 54938",Ranigam,532243,Srikakulam,Andhra Pradesh,9701912067,9765244876,GEN,,INDIAN,7CLASS,A,board of secondary education,2022,SAVELFLDB8AH,SATANSB1QB24LT,1438706295,3257069841,xjackson@example.net,,,ACTIVATION-PENDING	,STUDYING,0,0,0,aeFhifDLAGlE,pxrzwnyovsuq,85241039,11-01-2023 17:21,
,11814551,444602,60238774,11814551,,,0,Dawn Reeves,Female,16-09-2014,B+ve,Michelle Wright,GOVERNMENT,William Ford,OTHER,"72750 Noah Rest
New Jessicaview, AK 99118","72750 Noah Rest
New Jessicaview, AK 99118",Ahmedabad,380054,Ahmedabad,Gujarat,9825048112,9925897591,OBC,,INDIAN,8CLASS,A,board of secondary education,2022,SAVELFLDB8AH,SATANSB1QB24LT,1438706295,3257069841,hyoder@example.org,,,ACTIVATION-PENDING	,STUDYING,0,0,0,aeFhifDLAGlE,pxrzwnyovsuq,85241039,12-01-2023 17:21,
,21816660,394670,60910408,21816660,,,0,Cindy Deleon,Male,03-10-2016,B+ve,Savannah Beck,BUSINESS,Debra Arias,OTHER,"849 Rogers Corners
Julieborough, NY 62460","849 Rogers Corners
Julieborough, NY 62460",Auraiya,206121,Auraiya,Uttar Pradesh,8417995704,9651117009,GEN,,INDIAN,8CLASS,A,board of secondary education,2022,SAVELFLDB8AH,SATANSB1QB24LT,1438706295,3257069841,saragomez@example.com,,,ACTIVATION-PENDING	,STUDYING,0,0,0,aeFhifDLAGlE,pxrzwnyovsuq,85241039,13-01-2023 17:21,
,19703721,221001,60739913,19703721,,,0,Brian Tucker,Male,07-09-2013,O+ve,Juan Gomez,BUSINESS,Samantha Johnson,OTHER,"79070 Haley Valleys Suite 537
Charleneside, MD 18519","79070 Haley Valleys Suite 537
Charleneside, MD 18519",Jhajharia Ki Dhani,333305,Jhunjhunu,Rajasthan,9461345415,9931325732,GEN,,INDIAN,8CLASS,A,board of secondary education,2022,SAVELFLDB8AH,SATANSB1QB24LT,1438706295,3257069841,rodriguezcarol@example.com,,,ACTIVATION-PENDING	,STUDYING,0,0,0,aeFhifDLAGlE,pxrzwnyovsuq,85241039,14-01-2023 17:21,
,77405409,828111,60059159,77405409,,,0,Michael Mccarthy,Male,25-09-2017,A+ve,Anna Drake MD,GOVERNMENT,Lori Hampton,GOVERNMENT,"1340 Jacqueline Path
Harveyside, IN 21866","1340 Jacqueline Path
Harveyside, IN 21866",Sarola Kasar,414005,Ahmednagar,Maharashtra,9730620342,9430652408,GEN,,INDIAN,8CLASS,A,board of secondary education,2022,SAVELFLDB8AH,SATANSB1QB24LT,1438706295,3257069841,matthew71@example.org,,,ACTIVATION-PENDING	,STUDYING,0,0,0,aeFhifDLAGlE,pxrzwnyovsuq,85241039,15-01-2023 17:21,
,21309473,531163,60942704,21309473,,,0,Diane Little,Male,03-09-2018,A+ve,Andrew Sullivan,BUSINESS,Edgar Wheeler,OTHER,"780 Hardy Hill Suite 160
Port Sierrashire, WI 53095","780 Hardy Hill Suite 160
Port Sierrashire, WI 53095",Agra,282006,Agra,Uttar Pradesh,9719267514,9956353863,GEN,,INDIAN,8CLASS,A,board of secondary education,2022,SAVELFLDB8AH,SATANSB1QB24LT,1438706295,3257069841,prattashley@example.net,,,ACTIVATION-PENDING	,STUDYING,0,0,0,aeFhifDLAGlE,pxrzwnyovsuq,85241039,16-01-2023 17:21,
,18607497,222137,60911455,18607497,,,0,Marie Friedman,Male,28-12-2021,O+ve,Mitchell Garcia,BUSINESS,Bryan Oconnell,OTHER,"90170 Michael Gardens Suite 288
Alvaradoport, CO 76037","90170 Michael Gardens Suite 288
Alvaradoport, CO 76037",Bhubaneswar,751020,Khordha,Odisha,9583288838,9049710268,OBC,,INDIAN,8CLASS,A,board of secondary education,2022,SAVELFLDB8AH,SATANSB1QB24LT,1438706295,3257069841,tamara37@example.net,,,ACTIVATION-PENDING	,STUDYING,0,0,0,aeFhifDLAGlE,pxrzwnyovsuq,85241039,17-01-2023 17:21,
,19639527,431715,60342749,19639527,,,0,Susan Roth,Male,02-06-2011,A+ve,Melissa Lindsey,ENGINEERING,Jessica Knapp,OTHER,"8723 Davis Hills
East Chelseaborough, VT 74487","8723 Davis Hills
East Chelseaborough, VT 74487",Malikpur,224129,Ambedkar Nagar,Uttar Pradesh,8769880640,9450459949,GEN,,INDIAN,8CLASS,A,board of secondary education,2022,SAVELFLDB8AH,SATANSB1QB24LT,1438706295,3257069841,gabriella66@example.org,,,ACTIVATION-PENDING	,STUDYING,0,0,0,aeFhifDLAGlE,pxrzwnyovsuq,85241039,18-01-2023 17:21,
,17509223,226024,61006994,17509223,,,0,James Roy,Male,10-10-2015,O+ve,Jamie Silva,GOVERNMENT,Bobby Wright,OTHER,"75487 Kristin Club Apt. 696
South Angelaport, AR 59968","75487 Kristin Club Apt. 696
South Angelaport, AR 59968",Airoli,400708,Thane,Maharashtra,9004032102,9666564610,GEN,,INDIAN,8CLASS,A,board of secondary education,2022,SAVELFLDB8AH,SATANSB1QB24LT,1438706295,3257069841,leahbyrd@example.net,,,ACTIVATION-PENDING	,STUDYING,0,0,0,aeFhifDLAGlE,pxrzwnyovsuq,85241039,19-01-2023 17:21,
,19607092,500007,60031594,19607092,,,0,Jon Mccarty,Male,22-01-2018,B+ve,Marc Bright,BUSINESS,Timothy Adams,OTHER,"2173 Leblanc Fork Suite 731
Stephenhaven, TN 30529","2173 Leblanc Fork Suite 731
Stephenhaven, TN 30529",Muskara,210506,Hamirpur,Uttar Pradesh,8127004702,8603393122,GEN,,INDIAN,8CLASS,A,board of secondary education,2022,SAVELFLDB8AH,SATANSB1QB24LT,1438706295,3257069841,epierce@example.com,,,ACTIVATION-PENDING	,STUDYING,0,0,0,aeFhifDLAGlE,pxrzwnyovsuq,85241039,20-01-2023 17:21,
,18702647,828404,60799484,18702647,,,0,Shannon Hill,Male,26-07-2013,A+ve,Isabel Stewart,BUSINESS,Kimberly Holden,OTHER,"93797 Sue Heights Apt. 399
Barryland, AR 08138","93797 Sue Heights Apt. 399
Barryland, AR 08138",Banki,754008,Cuttack,Odisha,8908245945,9586526095,OBC,,INDIAN,8CLASS,A,board of secondary education,2022,SAVELFLDB8AH,SATANSB1QB24LT,1438706295,3257069841,huntjennifer@example.org,,,ACTIVATION-PENDING	,STUDYING,0,0,0,aeFhifDLAGlE,pxrzwnyovsuq,85241039,21-01-2023 17:21,
,11801123,382415,60376212,11801123,,,0,Annette Davis,Male,08-06-2017,B+ve,Jonathan Mccormick,PRIVATE SERVICE,Nicole Hall,OTHER,"Unit 9751 Box 5308
DPO AP 21908","Unit 9751 Box 5308
DPO AP 21908",Ahemdabad,380015,Ahemdabad,Gujarat,9376148212,9347109193,GEN,,INDIAN,8CLASS,A,board of secondary education,2022,SAVELFLDB8AH,SATANSB1QB24LT,1438706295,3257069841,kreyes@example.net,,,ACTIVATION-PENDING	,STUDYING,0,0,0,aeFhifDLAGlE,pxrzwnyovsuq,85241039,22-01-2023 17:21,
,17307511,530040,60414765,17307511,,,0,Thomas Beck,Male,07-07-2020,B+ve,Marissa Foster,BUSINESS,Michael Brown,OTHER,"50293 Bradley Mills
Port Barrychester, TN 46262","50293 Bradley Mills
Port Barrychester, TN 46262",Ozar Mig,422206,Nashik,Maharashtra,9764263209,8957759226,GEN,,INDIAN,8CLASS,A,board of secondary education,2022,SAVELFLDB8AH,SATANSB1QB24LT,1438706295,3257069841,matthew41@example.org,,,ACTIVATION-PENDING	,STUDYING,0,0,0,aeFhifDLAGlE,pxrzwnyovsuq,85241039,23-01-2023 17:21,
,20426554,226017,60422117,20426554,,,0,Catherine Cook,Female,20-08-2012,A+ve,Cory Collins,BUSINESS,Donna Tucker,OTHER,"77144 Pamela Oval Suite 952
Michaelborough, AR 64776","77144 Pamela Oval Suite 952
Michaelborough, AR 64776",Musheerabad,500020,Hyderabad,Telangana,7032416150,9416937800,GEN,,INDIAN,8CLASS,A,board of secondary education,2022,SAVELFLDB8AH,SATANSB1QB24LT,1438706295,3257069841,reginabuck@example.org,,,ACTIVATION-PENDING	,STUDYING,0,0,0,aeFhifDLAGlE,pxrzwnyovsuq,85241039,24-01-2023 17:21,
,21814767,133201,60328075,21814767,,,0,Sara Pace DVM,Male,10-01-2021,AB+ve,Melanie Lane,PRIVATE SERVICE,Jaime Khan,TEACHING,"1315 Susan Highway Apt. 773
New Brookeview, NH 89747","1315 Susan Highway Apt. 773
New Brookeview, NH 89747",Ganj Basoda ,464221,Vidisha ,Madhya Pradesh,9451720084,8957032148,GEN,,INDIAN,8CLASS,A,board of secondary education,2022,SAVELFLDB8AH,SATANSB1QB24LT,1438706295,3257069841,fdaniel@example.com,,,ACTIVATION-PENDING	,STUDYING,0,0,0,aeFhifDLAGlE,pxrzwnyovsuq,85241039,25-01-2023 17:21,
,70507111,226012,60970989,70507111,,,0,Nicole Lee,Male,17-07-2020,AB+ve,Katherine Andrade,ENGINEERING,Luis Wood,OTHER,"PSC 8461, Box 2644
APO AA 72174","PSC 8461, Box 2644
APO AA 72174",Vizag,530017,Visakhapatnam,Andhra Pradesh,9505214810,9784015553,GEN,,INDIAN,8CLASS,A,board of secondary education,2022,SAVELFLDB8AH,SATANSB1QB24LT,1438706295,3257069841,marktaylor@example.com,,,ACTIVATION-PENDING	,STUDYING,0,0,0,aeFhifDLAGlE,pxrzwnyovsuq,85241039,26-01-2023 17:21,
,21904641,306401,60364053,21904641,,,0,Patrick Banks,Male,28-07-2016,B+ve,Eric Johnson,PRIVATE SERVICE,Manuel Pearson,OTHER,"USCGC Dean
FPO AA 35644","USCGC Dean
FPO AA 35644",Lucknow,226014,Lucknow,Uttar Pradesh,9369080009,9504571452,GEN,,INDIAN,8CLASS,A,board of secondary education,2022,SAVELFLDB8AH,SATANSB1QB24LT,1438706295,3257069841,wilsonandres@example.org,,,ACTIVATION-PENDING	,STUDYING,0,0,0,aeFhifDLAGlE,pxrzwnyovsuq,85241039,27-01-2023 17:21,
,21410567,800001,60185855,21410567,,,0,Lisa Miller,Male,13-09-2019,A+ve,Gerald Gonzales,PRIVATE SERVICE,Melanie Gray,PRIVATE SERVICE,"395 Mcpherson Bypass Suite 688
West Donald, AL 52384","395 Mcpherson Bypass Suite 688
West Donald, AL 52384",Phaphamau,211013,Allahabad,Uttar Pradesh,8115307428,9905047420,GEN,,INDIAN,8CLASS,A,board of secondary education,2022,SAVELFLDB8AH,SATANSB1QB24LT,1438706295,3257069841,sean55@example.net,,,ACTIVATION-PENDING	,STUDYING,0,0,0,aeFhifDLAGlE,pxrzwnyovsuq,85241039,28-01-2023 17:21,
,22010167,848211,60503318,22010167,,,0,Catherine Oliver,Male,04-04-2019,B+ve,James Miller,BUSINESS,Martin Murphy,OTHER,"694 Fernandez Expressway Apt. 278
Brooksville, OR 07278","694 Fernandez Expressway Apt. 278
Brooksville, OR 07278",Chhanhi,221007,Varanasi,Uttar Pradesh,8808814717,8140660048,GEN,,INDIAN,8CLASS,A,board of secondary education,2022,SAVELFLDB8AH,SATANSB1QB24LT,1438706295,3257069841,prichardson@example.com,,,ACTIVATION-PENDING	,STUDYING,0,0,0,aeFhifDLAGlE,pxrzwnyovsuq,85241039,29-01-2023 17:21,
,18610875,388530,60187497,18610875,,,0,Jennifer Martin,Male,06-06-2017,AB+ve,Jacob Perez,BUSINESS,Dakota Johnston,BUSINESS,"87992 Jonathan Lake
West Meredithmouth, CT 41423","87992 Jonathan Lake
West Meredithmouth, CT 41423",Bhubaneswar,751001,Khurda,Odisha,8280241496,9998078535,GEN,,INDIAN,8CLASS,A,board of secondary education,2022,SAVELFLDB8AH,SATANSB1QB24LT,1438706295,3257069841,leslie43@example.org,,,ACTIVATION-PENDING	,STUDYING,0,0,0,aeFhifDLAGlE,pxrzwnyovsuq,85241039,30-01-2023 17:21,
,10713398,396445,60227669,10713398,,,0,Kimberly Johnson,Female,15-04-2016,B+ve,Joel Evans,BUSINESS,Bruce Kelley,BUSINESS,"320 Shea Stream Apt. 132
Port Bobby, IN 97933","320 Shea Stream Apt. 132
Port Bobby, IN 97933",Chawdang Gaon,785112,Jorhat,Assam,8402852050,9226958700,GEN,,INDIAN,8CLASS,A,board of secondary education,2022,SAVELFLDB8AH,SATANSB1QB24LT,1438706295,3257069841,dudleyjennifer@example.net,,,ACTIVATION-PENDING	,STUDYING,0,0,0,aeFhifDLAGlE,pxrzwnyovsuq,85241039,31-01-2023 17:21,
,17206026,422010,60436972,17206026,,,0,Valerie Curtis,Female,16-07-2017,B+ve,Morgan Terrell,GOVERNMENT,Michael Gonzalez,OTHER,"474 Wheeler Locks
Nicolestad, IN 41776","474 Wheeler Locks
Nicolestad, IN 41776",Chimur,442904,Chandrapur,Maharashtra,8698663180,9772707016,GEN,,INDIAN,9CLASS,A,board of secondary education,2022,SAVELFLDB8AH,SATANSB1QB24LT,1438706295,3257069841,huntercasey@example.com,,,ACTIVATION-PENDING	,STUDYING,0,0,0,aeFhifDLAGlE,pxrzwnyovsuq,85241039,01-02-2023 17:21,
,76300054,322203,60519087,76300054,,,0,Sandra Cook,Male,08-12-2019,O+ve,Madison George,BUSINESS,Luke Robertson,OTHER,"0882 Regina Via
South Douglas, CA 69566","0882 Regina Via
South Douglas, CA 69566",Arun Nagar,486001,Rewa,Madhya Pradesh,9111286272,8406961143,GEN,,INDIAN,9CLASS,A,board of secondary education,2022,SAVELFLDB8AH,SATANSB1QB24LT,1438706295,3257069841,kimberly62@example.com,,,ACTIVATION-PENDING	,STUDYING,0,0,0,aeFhifDLAGlE,pxrzwnyovsuq,85241039,02-02-2023 17:21,
,20423478,813210,60258826,20423478,,,0,Erica Adams,Male,13-12-2015,O+ve,Shawn Ramirez,BUSINESS,Scott Adams,OTHER,"076 Louis Burgs Suite 763
South Emily, CO 38550","076 Louis Burgs Suite 763
South Emily, CO 38550",Hyderabad ,500020,Hyderabad,Telangana,9553557336,9654314789,GEN,,INDIAN,9CLASS,A,board of secondary education,2022,SAVELFLDB8AH,SATANSB1QB24LT,1438706295,3257069841,eugene02@example.com,,,ACTIVATION-PENDING	,STUDYING,0,0,0,aeFhifDLAGlE,pxrzwnyovsuq,85241039,03-02-2023 17:21,
,20803630,121001,60148748,20803630,,,0,Tara Lee,Male,06-08-2021,A+ve,Courtney Murillo,BUSINESS,Scott Short,OTHER,"USNS Allison
FPO AP 94658","USNS Allison
FPO AP 94658",Uttarkashi,249193,Uttarkashi,Uttarakhand,8057075216,7870097892,GEN,,INDIAN,9CLASS,A,board of secondary education,2022,SAVELFLDB8AH,SATANSB1QB24LT,1438706295,3257069841,wvincent@example.net,,,ACTIVATION-PENDING	,STUDYING,0,0,0,aeFhifDLAGlE,pxrzwnyovsuq,85241039,04-02-2023 17:21,
,10703873,824143,60501372,10703873,,,0,Melissa Thomas,Male,14-02-2020,B+ve,Mark Marshall,TEACHING,Carlos Boyd,OTHER,"394 Elijah Plains Suite 340
North Ashleyburgh, MS 29209","394 Elijah Plains Suite 340
North Ashleyburgh, MS 29209",Nalbari,781340,Nalbari,Assam,8473971503,9460374248,GEN,,INDIAN,9CLASS,A,board of secondary education,2022,SAVELFLDB8AH,SATANSB1QB24LT,1438706295,3257069841,batesandrew@example.net,,,ACTIVATION-PENDING	,STUDYING,0,0,0,aeFhifDLAGlE,pxrzwnyovsuq,85241039,05-02-2023 17:21,
,12002350,301406,60286208,12002350,,,0,Andrew Jones,Female,14-12-2019,O+ve,Richard Rios,BUSINESS,Leslie Larsen,OTHER,"404 Knapp Valley Apt. 144
North Theresa, KS 48498","404 Knapp Valley Apt. 144
North Theresa, KS 48498",Bhavnagar,364003,Bhavnagar,Gujarat,9428433441,8655442953,GEN,,INDIAN,9CLASS,A,board of secondary education,2022,SAVELFLDB8AH,SATANSB1QB24LT,1438706295,3257069841,hilllaura@example.net,,,ACTIVATION-PENDING	,STUDYING,0,0,0,aeFhifDLAGlE,pxrzwnyovsuq,85241039,06-02-2023 17:21,
,19500050,410218,60862540,19500050,,,0,Stephanie Joyce,Male,30-01-2019,O+ve,Anthony Lawson,GOVERNMENT,Dr. Jesus Kaiser,OTHER,"23577 Charles Trail Suite 565
Kristyfurt, MA 95326","23577 Charles Trail Suite 565
Kristyfurt, MA 95326",Bikaner,334001,Bikaner,Rajasthan,7688971449,8961051349,GEN,,INDIAN,9CLASS,A,board of secondary education,2022,SAVELFLDB8AH,SATANSB1QB24LT,1438706295,3257069841,iortiz@example.org,,,ACTIVATION-PENDING	,STUDYING,0,0,0,aeFhifDLAGlE,pxrzwnyovsuq,85241039,07-02-2023 17:21,
,11701683,711109,60390367,11701683,,,0,Deborah Carpenter,Female,11-10-2017,O+ve,Pamela Barnes,PRIVATE SERVICE,Ashley Fuller,OTHER,"4850 Sherry Way
West Andrewstad, MS 02513","4850 Sherry Way
West Andrewstad, MS 02513",Vengurla,416516,Sindhudurg,Maharashtra,9420306031,9525804706,GEN,,INDIAN,9CLASS,A,board of secondary education,2022,SAVELFLDB8AH,SATANSB1QB24LT,1438706295,3257069841,michaelhanson@example.net,,,ACTIVATION-PENDING	,STUDYING,0,0,0,aeFhifDLAGlE,pxrzwnyovsuq,85241039,08-02-2023 17:21,
,10303967,821102,60926672,10303967,,,0,Terri Hoffman,Female,03-05-2019,O+ve,Rachel Williams,BUSINESS,Barry Marshall,OTHER,"8738 Elijah Route
North Angela, NV 41169","8738 Elijah Route
North Angela, NV 41169",Chamakurivandla Palli,516267,Kadapa,Andhra Pradesh,9591385252,9815414650,OBC,,INDIAN,9CLASS,A,board of secondary education,2022,SAVELFLDB8AH,SATANSB1QB24LT,1438706295,3257069841,pbates@example.org,,,ACTIVATION-PENDING	,STUDYING,0,0,0,aeFhifDLAGlE,pxrzwnyovsuq,85241039,09-02-2023 17:21,
,22303231,144629,60855071,22303231,,,0,Blake Evans,Male,04-07-2017,,Robert Rodriguez,GOVERNMENT,Heidi Ramirez,OTHER,"0871 Padilla Forge
West Michaelberg, ND 77993","0871 Padilla Forge
West Michaelberg, ND 77993",Bamunmura,700128,North Twenty Four Parganas,West Bengal,9830932608,9652439699,GEN,,INDIAN,9CLASS,A,board of secondary education,2022,SAVELFLDB8AH,SATANSB1QB24LT,1438706295,3257069841,mercedeshill@example.com,,,ACTIVATION-PENDING	,STUDYING,0,0,0,aeFhifDLAGlE,pxrzwnyovsuq,85241039,10-02-2023 17:21,
,13003437,533429,60039616,13003437,,,0,Spencer Wright,Female,14-07-2010,A+ve,Shaun Sosa DVM,BUSINESS,Katherine Davis,OTHER,"81743 Becker Plaza Suite 057
Megantown, ND 68569","81743 Becker Plaza Suite 057
Megantown, ND 68569",Gurgaon,122003,Gurgaon,Haryana,9873549025,9662425186,GEN,,INDIAN,9CLASS,A,board of secondary education,2022,SAVELFLDB8AH,SATANSB1QB24LT,1438706295,3257069841,mpayne@example.org,,,ACTIVATION-PENDING	,STUDYING,0,0,0,aeFhifDLAGlE,pxrzwnyovsuq,85241039,11-02-2023 17:21,
,21201546,382345,60502394,21201546,,,0,Sean Shaffer,Male,04-05-2021,A+ve,Jason May,BUSINESS,Jessica Kirby,OTHER,"538 Eric Summit
Kyleton, LA 68690","538 Eric Summit
Kyleton, LA 68690",Jivna,251203,Muzaffarnagar,Uttar Pradesh,8171555595,9897016770,GEN,,INDIAN,9CLASS,A,board of secondary education,2022,SAVELFLDB8AH,SATANSB1QB24LT,1438706295,3257069841,thomasthomas@example.org,,,ACTIVATION-PENDING	,STUDYING,0,0,0,aeFhifDLAGlE,pxrzwnyovsuq,85241039,12-02-2023 17:21,
,14006088,247776,60445362,14006088,,,0,Cathy Mitchell,Male,12-03-2018,A+ve,Dawn Hernandez,ADVOCATE,Christy Underwood,OTHER,"746 Robin Curve
Leeland, FL 08835","746 Robin Curve
Leeland, FL 08835",Ranchi,834001,Ranchi,Jharkhand,8298059680,8115726767,GEN,,INDIAN,9CLASS,A,board of secondary education,2022,SAVELFLDB8AH,SATANSB1QB24LT,1438706295,3257069841,jacobsbradley@example.org,,,ACTIVATION-PENDING	,STUDYING,0,0,0,aeFhifDLAGlE,pxrzwnyovsuq,85241039,13-02-2023 17:21,
,10508929,275301,60265218,10508929,,,0,Mary Robinson,Male,16-03-2012,O+ve,Rebecca Richardson,AGRICULTURE,Jessica Richardson,OTHER,"3568 Frey Grove Suite 239
West Scottberg, NY 46357","3568 Frey Grove Suite 239
West Scottberg, NY 46357",Kaguvada,532214,Srikakulam,Andhra Pradesh,8790540568,9504146526,GEN,,INDIAN,9CLASS,A,board of secondary education,2022,SAVELFLDB8AH,SATANSB1QB24LT,1438706295,3257069841,cody22@example.org,,,ACTIVATION-PENDING	,STUDYING,0,0,0,aeFhifDLAGlE,pxrzwnyovsuq,85241039,14-02-2023 17:21,
,12900828,800027,60598671,12900828,,,0,Jaclyn Butler,Male,01-04-2016,AB+ve,Colleen Bryan,TEACHING,Matthew Mclaughlin,OTHER,"297 Michael Mountain
South Kristine, KY 07574","297 Michael Mountain
South Kristine, KY 07574",Faridabad,121006,Faridabad,Haryana,8285476766,7858962262,OBC,,INDIAN,9CLASS,A,board of secondary education,2022,SAVELFLDB8AH,SATANSB1QB24LT,1438706295,3257069841,hclayton@example.com,,,ACTIVATION-PENDING	,STUDYING,0,0,0,aeFhifDLAGlE,pxrzwnyovsuq,85241039,15-02-2023 17:21,
,11212880,801503,60743738,11212880,,,0,James Weber,Male,16-09-2021,AB+ve,Caitlin Mejia,GOVERNMENT,Antonio Lopez,OTHER,"547 Ford Mills Suite 206
East Joshua, IL 74729","547 Ford Mills Suite 206
East Joshua, IL 74729",Mansa,151505,Mansa,Punjab,9814514525,9453019697,GEN,,INDIAN,9CLASS,A,board of secondary education,2022,SAVELFLDB8AH,SATANSB1QB24LT,1438706295,3257069841,olsonwanda@example.com,,,ACTIVATION-PENDING	,STUDYING,0,0,0,aeFhifDLAGlE,pxrzwnyovsuq,85241039,16-02-2023 17:21,
,12803159,822101,60602097,12803159,,,0,Eric Hardy,Male,05-01-2010,O+ve,Jonathan Ramsey,OTHER,Rebecca Johnson,OTHER,"2647 Fred Valley Apt. 026
Jenniferfort, KS 24722","2647 Fred Valley Apt. 026
Jenniferfort, KS 24722",Valsad,396001,Valsad,Gujarat,9426572869,9204136112,GEN,,INDIAN,9CLASS,A,board of secondary education,2022,SAVELFLDB8AH,SATANSB1QB24LT,1438706295,3257069841,patrick42@example.net,,,ACTIVATION-PENDING	,STUDYING,0,0,0,aeFhifDLAGlE,pxrzwnyovsuq,85241039,17-02-2023 17:21,
,20805025,812001,60752005,20805025,,,0,Steven Robinson,Male,30-08-2015,B+ve,Kathryn Smith,DOCTOR,Russell Graham,OTHER,"62831 Gabriel Meadows
Kimberlyborough, MI 04555","62831 Gabriel Meadows
Kimberlyborough, MI 04555",Badalda,249152,Uttarkashi,Uttarakhand,7737330772,9755100281,GEN,,INDIAN,9CLASS,A,board of secondary education,2022,SAVELFLDB8AH,SATANSB1QB24LT,1438706295,3257069841,yjohnson@example.org,,,ACTIVATION-PENDING	,STUDYING,0,0,0,aeFhifDLAGlE,pxrzwnyovsuq,85241039,18-02-2023 17:21,
,10707465,461990,60837045,10707465,,,0,Christopher Rush,Female,12-02-2011,O+ve,Ryan Wells,TEACHING,Sheena Park MD,OTHER,"8742 Hamilton Squares Suite 214
Katieton, ND 69844","8742 Hamilton Squares Suite 214
Katieton, ND 69844",Golaghat,785621,Golaghat,Assam,9954708734,9557401922,GEN,,INDIAN,9CLASS,A,board of secondary education,2022,SAVELFLDB8AH,SATANSB1QB24LT,1438706295,3257069841,josephcampbell@example.org,,,ACTIVATION-PENDING	,STUDYING,0,0,0,aeFhifDLAGlE,pxrzwnyovsuq,85241039,19-02-2023 17:21,
,10503160,250615,60265592,10503160,,,0,Julie Bennett,Male,05-12-2010,B+ve,Shane Jones,BUSINESS,Sylvia Edwards,DOCTOR,"9557 Brady Forge Apt. 865
Monroemouth, CA 76867","9557 Brady Forge Apt. 865
Monroemouth, CA 76867",Village,532484,Srikakulam,Andhra Pradesh,8985484860,9807874300,GEN,,INDIAN,9CLASS,A,board of secondary education,2022,SAVELFLDB8AH,SATANSB1QB24LT,1438706295,3257069841,donald08@example.com,,,ACTIVATION-PENDING	,STUDYING,0,0,0,aeFhifDLAGlE,pxrzwnyovsuq,85241039,20-02-2023 17:21,
,11808481,208010,60617953,11808481,,,0,Tommy Robinson,Female,08-04-2011,O+ve,Christopher Sanchez,GOVERNMENT,Keith Hunt,OTHER,"36918 Antonio Freeway Apt. 846
Randyhaven, AR 29201","36918 Antonio Freeway Apt. 846
Randyhaven, AR 29201",Ahmedabad,380028,Ahmedabad,Gujarat,9723253558,9866159665,OBC,,INDIAN,10CLASS,A,board of secondary education,2022,SAVELFLDB8AH,SATANSB1QB24LT,1438706295,3257069841,jdavis@example.com,,,ACTIVATION-PENDING	,STUDYING,0,0,0,aeFhifDLAGlE,pxrzwnyovsuq,85241039,21-02-2023 17:21,
,11130936,504208,60292156,11130936,,,0,Paul Escobar,Female,10-03-2012,O+ve,Natalie Thomas,PUBLIC SECTOR,Ryan Johnson,OTHER,"USNS Hart
FPO AA 34235","USNS Hart
FPO AA 34235",Ara,802301,Bhojpur,Bihar,9135837384,8731894412,GEN,,INDIAN,10CLASS,A,board of secondary education,2022,SAVELFLDB8AH,SATANSB1QB24LT,1438706295,3257069841,brittany00@example.com,,,ACTIVATION-PENDING	,STUDYING,0,0,0,aeFhifDLAGlE,pxrzwnyovsuq,85241039,22-02-2023 17:21,
,19101266,797112,60498945,19101266,,,0,Christina Arellano,Female,14-09-2019,A+ve,Eric Jackson,BUSINESS,Sean Holden,OTHER,"8443 Flores Valley Suite 162
Baileyfort, GA 54262","8443 Flores Valley Suite 162
Baileyfort, GA 54262",Cuddalore,607003,Cuddalore,Tamil Nadu,8124602496,8302501472,OBC,,INDIAN,10CLASS,A,board of secondary education,2022,SAVELFLDB8AH,SATANSB1QB24LT,1438706295,3257069841,maycorey@example.org,,,ACTIVATION-PENDING	,STUDYING,0,0,0,aeFhifDLAGlE,pxrzwnyovsuq,85241039,23-02-2023 17:21,
,17437546,201001,60512425,17437546,,,0,Lindsay Marquez,Female,11-10-2013,O+ve,Joseph Bryan,PRIVATE SERVICE,Stephanie Hunt,OTHER,"3200 Perez Walk Suite 382
Rileyport, NE 48206","3200 Perez Walk Suite 382
Rileyport, NE 48206",Abdullat,416130,Kolapur,Maharashtra,8888514108,9975897607,GEN,,INDIAN,10CLASS,A,board of secondary education,2022,SAVELFLDB8AH,SATANSB1QB24LT,1438706295,3257069841,beckerphilip@example.org,,,ACTIVATION-PENDING	,STUDYING,0,0,0,aeFhifDLAGlE,pxrzwnyovsuq,85241039,24-02-2023 17:21,
,21919347,411033,60077319,21919347,,,0,Jeffery Lynch,Male,02-12-2010,B+ve,Thomas Schwartz,TEACHING,Jason Russo,OTHER,"USCGC Garcia
FPO AA 88975","USCGC Garcia
FPO AA 88975",Thanaitpur,261201,Sitapur,Uttar Pradesh,9648162343,8762287512,GEN,,INDIAN,10CLASS,A,board of secondary education,2022,SAVELFLDB8AH,SATANSB1QB24LT,1438706295,3257069841,trevinojennifer@example.org,,,ACTIVATION-PENDING	,STUDYING,0,0,0,aeFhifDLAGlE,pxrzwnyovsuq,85241039,25-02-2023 17:21,
,11100298,577201,60676500,11100298,,,0,Olivia Vance,Male,19-06-2021,O+ve,Kayla Rivera,TEACHING,John Dominguez,OTHER,"6462 Richard Isle
Port Eddie, NH 32222","6462 Richard Isle
Port Eddie, NH 32222",Barauni,851113,Begusarai,Bihar,9128941688,8981421595,OBC,,INDIAN,10CLASS,A,board of secondary education,2022,SAVELFLDB8AH,SATANSB1QB24LT,1438706295,3257069841,angelica42@example.com,,,ACTIVATION-PENDING	,STUDYING,0,0,0,aeFhifDLAGlE,pxrzwnyovsuq,85241039,26-02-2023 17:21,
,13404491,700122,60387509,13404491,,,0,Derek Campbell,Male,29-08-2010,O+ve,Tracy Schneider,BUSINESS,Lisa Williams,TEACHING,"19902 Barry Cliff
Daniellestad, GA 66421","19902 Barry Cliff
Daniellestad, GA 66421", Tehsil Dadasiba,177106,Kangra,Himachal Pradesh,9805193141,9544733019,GEN,,INDIAN,10CLASS,A,board of secondary education,2022,SAVELFLDB8AH,SATANSB1QB24LT,1438706295,3257069841,david89@example.com,,,ACTIVATION-PENDING	,STUDYING,0,0,0,aeFhifDLAGlE,pxrzwnyovsuq,85241039,27-02-2023 17:21,
,21604823,671317,60354807,21604823,,,0,Antonio Hamilton,Male,27-09-2020,B+ve,Christopher Jackson,BUSINESS,Teresa Garcia,OTHER,"24726 Jeremy Groves
Floreston, AK 38506","24726 Jeremy Groves
Floreston, AK 38506",Rustampur,273016,Gorakhpur,Uttar Pradesh,7784960506,9651958972,GEN,,INDIAN,10CLASS,A,board of secondary education,2022,SAVELFLDB8AH,SATANSB1QB24LT,1438706295,3257069841,blackwilliam@example.com,,,ACTIVATION-PENDING	,STUDYING,0,0,0,aeFhifDLAGlE,pxrzwnyovsuq,85241039,28-02-2023 17:21,
,11613518,273411,60116692,11613518,,,0,Laurie Gibson,Male,30-11-2021,O+ve,Bryan Reeves,ENGINEERING,David Torres,OTHER,"6338 Joshua Burgs Apt. 230
Joeview, OH 23352","6338 Joshua Burgs Apt. 230
Joeview, OH 23352",Delhi,110032,North East,Delhi,8285351423,7549733825,GEN,,INDIAN,10CLASS,A,board of secondary education,2022,SAVELFLDB8AH,SATANSB1QB24LT,1438706295,3257069841,brandy28@example.net,,,ACTIVATION-PENDING	,STUDYING,0,0,0,aeFhifDLAGlE,pxrzwnyovsuq,85241039,01-03-2023 17:21,
,22402239,823002,60821717,22402239,,,0,Julia Brooks,Male,20-07-2017,A+ve,Brian Salas,GOVERNMENT,Brandon Mayer,OTHER,"Unit 0193 Box 8236
DPO AP 08979","Unit 0193 Box 8236
DPO AP 08979",Latkarpar,736134,Cooch Behar,West Bengal,7602241764,9622872575,GEN,,INDIAN,10CLASS,A,board of secondary education,2022,SAVELFLDB8AH,SATANSB1QB24LT,1438706295,3257069841,wrightheather@example.com,,,ACTIVATION-PENDING	,STUDYING,0,0,0,aeFhifDLAGlE,pxrzwnyovsuq,85241039,02-03-2023 17:21,
,11141858,190018,60802451,11141858,,,0,Krista Spencer,Female,10-11-2011,A+ve,James Jones Jr.,TEACHING,Julie Smith,TEACHING,"2704 Allison Stream
Lake Robertfort, LA 04153","2704 Allison Stream
Lake Robertfort, LA 04153",Patna,800006,Patna,Bihar,7544014749,9977413724,GEN,,INDIAN,10CLASS,A,board of secondary education,2022,SAVELFLDB8AH,SATANSB1QB24LT,1438706295,3257069841,carrie62@example.net,,,ACTIVATION-PENDING	,STUDYING,0,0,0,aeFhifDLAGlE,pxrzwnyovsuq,85241039,03-03-2023 17:21,
,19624838,451111,60206263,19624838,,,0,Jacqueline Fisher,Male,28-06-2021,A+ve,Jason Day,ENGINEERING,Connie Marsh,OTHER,"26308 Anderson Neck Suite 662
West Yvette, TX 78224","26308 Anderson Neck Suite 662
West Yvette, TX 78224",Teh Phulera,303348,Jaipur,Rajasthan,9602361220,8813845811,GEN,,INDIAN,10CLASS,A,board of secondary education,2022,SAVELFLDB8AH,SATANSB1QB24LT,1438706295,3257069841,angelafitzpatrick@example.net,,,ACTIVATION-PENDING	,STUDYING,0,0,0,aeFhifDLAGlE,pxrzwnyovsuq,85241039,04-03-2023 17:21,
,11309582,124109,60123843,11309582,,,0,David Bell,Male,14-03-2012,O+ve,Brandon Cruz,PUBLIC SECTOR,Rebecca Jackson,OTHER,"396 Walters Bypass Suite 827
West Michaelside, TX 70071","396 Walters Bypass Suite 827
West Michaelside, TX 70071",Champa,495661,Janjgir Champa,Chhattisgarh,7772933618,9938350323,ST,,INDIAN,10CLASS,A,board of secondary education,2022,SAVELFLDB8AH,SATANSB1QB24LT,1438706295,3257069841,julia16@example.com,,,ACTIVATION-PENDING	,STUDYING,0,0,0,aeFhifDLAGlE,pxrzwnyovsuq,85241039,05-03-2023 17:21,
,15900021,768110,60295620,15900021,,,0,Lawrence Mcbride,Male,11-12-2017,O+ve,Danielle Kaiser,TEACHING,Melanie Ryan,GOVERNMENT,"814 Crawford Unions
Monicafort, AL 97856","814 Crawford Unions
Monicafort, AL 97856",Tehsil Khalwa,450117,Khandwa,Madhya Pradesh,8224803893,9450203003,GEN,,INDIAN,10CLASS,A,board of secondary education,2022,SAVELFLDB8AH,SATANSB1QB24LT,1438706295,3257069841,ehayes@example.org,,,ACTIVATION-PENDING	,STUDYING,0,0,0,aeFhifDLAGlE,pxrzwnyovsuq,85241039,06-03-2023 17:21,
,14003464,224001,60238336,14003464,,,0,Matthew Hamilton,Male,30-12-2011,O+ve,Rhonda Jackson,AGRICULTURE,Carl Baker,OTHER,"8858 Crystal Heights
Port Kimfort, NH 07760","8858 Crystal Heights
Port Kimfort, NH 07760",Mango Jamshedpur,831012,East Singbhum,Jharkhand,8003899503,7588467234,OBC,,INDIAN,10CLASS,A,board of secondary education,2022,SAVELFLDB8AH,SATANSB1QB24LT,1438706295,3257069841,jamesshelley@example.com,,,ACTIVATION-PENDING	,STUDYING,0,0,0,aeFhifDLAGlE,pxrzwnyovsuq,85241039,07-03-2023 17:21,
,13103168,416502,60898477,13103168,,,0,David Barajas,Male,21-01-2019,A+ve,Tina Peters,AGRICULTURE,Eddie Dean,OTHER,"228 Harold Meadow Suite 510
North Meganview, FL 63669","228 Harold Meadow Suite 510
North Meganview, FL 63669",Hisar,125001,Hisar,Haryana,9813390129,9039023643,OBC,,INDIAN,10CLASS,A,board of secondary education,2022,SAVELFLDB8AH,SATANSB1QB24LT,1438706295,3257069841,lisa32@example.net,,,ACTIVATION-PENDING	,STUDYING,0,0,0,aeFhifDLAGlE,pxrzwnyovsuq,85241039,08-03-2023 17:21,
,20441252,485001,60867284,20441252,,,0,Anthony Hopkins,Male,05-06-2021,A+ve,Taylor Cochran,AGRICULTURE,Theresa Sherman,OTHER,"790 Christopher Forges Apt. 304
Markmouth, TN 34283","790 Christopher Forges Apt. 304
Markmouth, TN 34283",Kukatpally,500090,Rangareddy,Telangana,9490976779,9822323072,OBC,,INDIAN,10CLASS,A,board of secondary education,2022,SAVELFLDB8AH,SATANSB1QB24LT,1438706295,3257069841,lsimon@example.org,,,ACTIVATION-PENDING	,STUDYING,0,0,0,aeFhifDLAGlE,pxrzwnyovsuq,85241039,09-03-2023 17:21,
,21411346,416115,60056066,21411346,,,0,Patrick Bryant,Male,27-08-2016,A+ve,Mary Chavez,AGRICULTURE,Richard Lewis,OTHER,"0102 Alicia Plains
West Kristen, AK 07620","0102 Alicia Plains
West Kristen, AK 07620",Salahpur,230135,Pratapgarh,Uttar Pradesh,8948059103,9049094110,OBC,,INDIAN,10CLASS,A,board of secondary education,2022,SAVELFLDB8AH,SATANSB1QB24LT,1438706295,3257069841,brittanywilliams@example.net,,,ACTIVATION-PENDING	,STUDYING,0,0,0,aeFhifDLAGlE,pxrzwnyovsuq,85241039,10-03-2023 17:21,
,11211486,442401,60081101,11211486,,,0,Richard Rowland,Female,15-05-2011,A+ve,Paige Barr,AGRICULTURE,Cassandra Ramirez,OTHER,"4073 Fernandez Coves
West Jorge, AK 89918","4073 Fernandez Coves
West Jorge, AK 89918",Chandigarh,160014,Chandigarh,Chandigarh (UT),9417579609,9770129629,OBC,,INDIAN,10CLASS,A,board of secondary education,2022,SAVELFLDB8AH,SATANSB1QB24LT,1438706295,3257069841,xthornton@example.net,,,ACTIVATION-PENDING	,STUDYING,0,0,0,aeFhifDLAGlE,pxrzwnyovsuq,85241039,11-03-2023 17:21,
,19303963,491001,60890589,19303963,,,0,Nicole Burnett,Male,18-03-2015,A+ve,Scott Guzman,AGRICULTURE,Christian Joseph,OTHER,"88792 Hayes Crest Suite 683
Lake Jacob, WA 90141","88792 Hayes Crest Suite 683
Lake Jacob, WA 90141",Makkasar,335512,Hanumangarh,Rajasthan,9602423046,9888787878,OBC,,INDIAN,10CLASS,A,board of secondary education,2022,SAVELFLDB8AH,SATANSB1QB24LT,1438706295,3257069841,deanna23@example.net,,,ACTIVATION-PENDING	,STUDYING,0,0,0,aeFhifDLAGlE,pxrzwnyovsuq,85241039,12-03-2023 17:21,
